,crystal_name,RealCrystalName,smiles,new_smiles,alternate_name,site_name,pdb_entry
2,Mpro-x2052_0A,Mpro-x2052,COC1=CC=C(NC(=O)C2CCN(CC2)C(C)=O)C=N1,COC1=CC=C(NC(=O)C2CCN(CC2)C(C)=O)C=N1,AAR-POS-5507155c-2,Chloroacetamide,5RHE
3,Mpro-x10019_0A,Mpro-x10019,CC=1C=CN=CC1NC(=O)CNC=2C=CN=C3C=CC=CC23,,GAB-REV-70cc3ca5-4,Aminopyridine-like,
4,Mpro-P1783_0B,Mpro-P1783,CNS(=O)(=O)C=1C=CC=2C(NC(=O)C3(CCOC=4C=CC(Cl)=CC43)OC)=CN=CC2C1,,EDJ-MED-6bf93aa8-1,Isoquinoline,
6,Mpro-x12143_0A,Mpro-x12143,CN(C)C=1C=CC(=CC1)N(CC2=CSC=N2)C(=O)CN3N=NC=4C=CC=CC34,,ALP-POS-87c86d55-1,Benzotriazole,
7,Mpro-x0072_0A,Mpro-x0072,CS(=O)(=O)NCCC=1C=CC=CC1,,AAR-POS-d2a4d1df-1,XChem Screen - active site,5R7Y
8,Mpro-P0207_0A,Mpro-P0207,ClC=1C=CC=2OCCC3(CC(=O)N(C3=O)C=4C=NC=C5C=CC=CC45)C2C1,,BEN-BAS-c2bc0d80-6,Spirocycle,
9,Mpro-P0878_0A,Mpro-P0878,CC1(CNC=2C=CC(Cl)=CC21)C(=O)NC=3C=NC=C4C=CC=CC34,,EDJ-MED-2f867453-1,Isoquinoline,
10,Mpro-x2608_0A,Mpro-x2608,CC1=CC=C(NC(=O)NC=2C=CC=NC2)S1,,DAR-DIA-842b4336-3,Aminopyridine-like,5RH0
11,Mpro-x12010_0A,Mpro-x12010,CCC1=CC2=C(C=C1)N(CC(O)=O)C(=O)C2O,,LOR-NOR-c954e7ad-4,Isatin,
12,Mpro-P0022_0A,Mpro-P0022,ClC=1C=CC=2OCCC3(NC(=O)N(C3=O)C=4C=NC=C5C=CC=CC45)C2C1,,VLA-UCB-29506327-1,Spirocycle,
13,Mpro-P0126_0B,Mpro-P0126,ClC=1C=NC=C(CC(=O)NC=2C=NC=C3C=CC=CC23)C1,,RAL-THA-2d450e86-30,Isoquinoline,
14,Mpro-P0030_0B,Mpro-P0030,CN1C(=O)NC=2C=NC=C(NC(=O)C3CCOC=4C=CC(Cl)=CC34)C12,,EDG-MED-0e5afe9d-1,Isoquinoline,
16,Mpro-x12695_0A,Mpro-x12695,OC1(CC(=O)NC=2C=CC(Cl)=CC21)C(=O)NC=3C=NC=C4C=CC=CC34,,MAT-POS-c7771779-1,Isoquinoline,
17,Mpro-x11797_0A,Mpro-x11797,CN(C)C=1C=CC(=CC1)N(CC2=CC=NN2)C(=O)CN3N=NC=4C=CC=CC34,,PET-UNK-7374c256-2,Benzotriazole,
18,Mpro-P0160_0A,Mpro-P0160,FC=1C=CC=2C=NC=C(NC(=O)[C@@H]3CCOC=4C=CC(Cl)=CC34)C2C1,,EDG-MED-5d232de5-1,Isoquinoline,
19,Mpro-P0056_0A,Mpro-P0056,NC(=O)N1CCC(C(=O)NC=2C=NC=C3C=CC=CC23)C=4C=C(Cl)C=CC14,,RAL-THA-4aa06b95-1,Isoquinoline,
20,Mpro-x12731_0A,Mpro-x12731,Cl.Cl.NC[C@@]1(CCOC=2C=CC(Cl)=CC21)C(=O)NC=3C=NC=C4C=CC=CC34,NC[C@@]1(CCOC=2C=CC(Cl)=CC21)C(=O)NC=3C=NC=C4C=CC=CC34,MAT-POS-2bb0cf2b-1,Isoquinoline,
21,Mpro-P0019_0B,Mpro-P0019,ClC=1C=CC=C(C1)C2CCCN(C2=O)C=3C=NC=C4C=CC=CC34,,PET-UNK-c9c1e0d8-3,Isoquinoline,
23,Mpro-x10888_0A,Mpro-x10888,CCC(O)(C(=O)NC=1C=NC=CC1C)C=2C=CC=C(Cl)C2,,BAR-COM-0f94fc3d-38,Aminopyridine-like,
24,Mpro-P0578_0A,Mpro-P0578,COCCC1(CCNc2ccc(Cl)cc12)C(=O)Nc1cncc2ccccc12,,RAL-THA-4aa06b95-7,Isoquinoline,
25,Mpro-x12682_0A,Mpro-x12682,ClC=1C=CC=2OCCC(C(=O)NC3CCNC(=O)C3)C2C1,,ALP-POS-8b8a49e1-4,Aminopyridine-like,
26,Mpro-x1101_0A,Mpro-x1101,CC(C)N(C)C=1N=CN=C2N(C)N=CC12,,AAR-POS-0daf6b7e-40,XChem Screen - xtal contact,5RGR
27,Mpro-x10022_0A,Mpro-x10022,C=C(C(=O)NC=1C=CC=CC1)C=2C=CC=NC2,,BEN-DND-031a96cc-8,Aminopyridine-like,
28,Mpro-x10996_0A,Mpro-x10996,ClC=1C=CC=C(NC(=O)NC=2C=CC=NC2)C1,,DAR-DIA-23aa0b97-14,Aminopyridine-like,
29,Mpro-z2zu2_0B,Mpro-z2zu2,S[Zn](S)S,,HCoV-229E,SARS-CoV-2 Mpro homologues,2ZU2
30,Mpro-P0063_0A,Mpro-P0063,ClC=1C=CC(CC(=O)NC=2C=NC=C3C=CC=CC23)=NC1,,RAL-THA-2d450e86-33,Isoquinoline,
31,Mpro-x1336_0A,Mpro-x1336,Cc1ccc(C)c(c1)S(=O)(=O)N2CCN(CC2)C(=O)C,Cc1ccc(C)c(c1)S(=O)(=O)N2CCN(CC2)C(=O)C,WAR-XCH-79d12f6e-6,Chloroacetamide,5RFI
32,Mpro-x10334_0A,Mpro-x10334,CC=1C=CN=C(C)C1NC(=O)CC=2C=CC=C(Cl)C2,,EDJ-MED-49816e9b-2,Aminopyridine-like,
33,Mpro-x12177_0A,Mpro-x12177,COC=1C=CC(=CC1)N(CC=2C=CC=C(Cl)C2)C(=O)CN3N=NC=4C=CC=CC34,,CHO-MSK-00c5269a-2,Benzotriazole,
34,Mpro-P1007_0A,Mpro-P1007,ClC=1C=CC=2CN(CC(C(=O)NC=3C=NC=C4C=CC=CC34)C2C1)S(=O)(=O)C5CC5,,MAT-POS-4223bc15-3,Isoquinoline,
35,Mpro-P0185_0B,Mpro-P0185,FC(F)(C(=O)NC=1C=NC=C2C=CC=CC12)C=3C=CC(Cl)=C(Cl)C3,,MAT-POS-fce787c2-6,Isoquinoline,
36,Mpro-x11541_0A,Mpro-x11541,CC(=O)N1CCN(CC(=O)NC=2C=NC=C3C=CC=CC23)CC1,,ALP-POS-6747fa38-1,Isoquinoline,
37,Mpro-P1470_0A,Mpro-P1470,CN1N=CC=2C=NC=C(NC(=O)CC=3C=CC=C(Cl)C3)C12,,RUB-POS-1325a9ea-14,Aminopyridine-like,
38,Mpro-P0904_0B,Mpro-P0904,CC1N(CCN2C=NN=C12)C(=O)CC3(CCOC=4C=CC(Cl)=CC43)C(=O)NC=5C=NC=C6C=CC=CC56,,EDG-MED-ba1ac7b9-19,Isoquinoline,
39,Mpro-x2776_0A,Mpro-x2776,CCC(=O)N(C(C(=O)NC1=C(C)C=C(OC)C=C1)C1=CN=CC=C1)C1=CC=C(C=C1)C(C)OC,CCC(=O)N(C(C(=O)NC1=C(C)C=C(OC)C=C1)C1=CN=CC=C1)C1=CC=C(C=C1)C(C)OC,LON-WEI-b8d98729-8,Ugi,5RH9
40,Mpro-x12698_0A,Mpro-x12698,ClC=1C=CC=2OCCC(C(=O)NC=3C=NC=C4CCNCC34)C2C1,,BEN-DND-c852c98b-10,Isoquinoline,
42,Mpro-x10610_0A,Mpro-x10610,CC=1C=CN=CC1NC(=O)C2(CCOC2)C#N,,MAT-POS-590ac91e-27,Aminopyridine-like,
43,Mpro-x3303_0A,Mpro-x3303,O=C(N1CCN(CC1)C1=CC=CC=C1)C1=CC(=O)NC2=C1C=CC=C2,,MAT-POS-916a2c5a-4,Quinolone,
44,Mpro-x11318_0A,Mpro-x11318,CC=1C(N)=CN=CC1NC(=O)CC=2C=CC=C(C#N)C2,,TRY-UNI-714a760b-19,Aminopyridine-like,
45,Mpro-x10466_0A,Mpro-x10466,ClC=1C=CC=C(CC(=O)NN2C=NC=3C=CC=CC23)C1,,JAN-GHE-5a013bed-2,Benzotriazole,
46,Mpro-x12350_0A,Mpro-x12350,CC(C)OCCCN(CC1=CC=CO1)C(=O)NC2=CN(C)C(=O)C=3C=CC=CC23,,MAT-POS-b5746674-38,Moonshot - active site,
47,Mpro-x10371_0A,Mpro-x10371,O=C(CC=1C=CC=NC1)NC=2C=CC=C(OC3CC(=O)N3)C2,,RAL-MED-2de63afb-1,Aminopyridine-like,
48,Mpro-P0033_0A,Mpro-P0033,CN1CCC(C(=O)NC=2C=NC=C3C=CC=CC23)C=4C=C(Cl)C=CC14,,MIC-UNK-91acba05-6,Isoquinoline,
49,Mpro-P0141_0A,Mpro-P0141,COC=1C=CC=2C=NC=C(NC(=O)C3CCOC=4C=CC(Cl)=CC34)C2C1,,MAT-POS-f9802937-7,Isoquinoline,
50,Mpro-x0731_0A,Mpro-x0731,CC(=O)N1CCN(CC1)S(=O)(=O)c1ccc(C)cc1,CC(=O)N1CCN(CC1)S(=O)(=O)c1ccc(C)cc1,AAR-POS-d2a4d1df-27,Chloroacetamide,5RGN
51,Mpro-P0114_0A,Mpro-P0114,ClC=1C=C2OCCC(C(=O)NC=3C=NC=C4C=CC=CC34)C2=CC1Cl,,ALP-POS-869ac754-1,Isoquinoline,
52,Mpro-x1334_0A,Mpro-x1334,CC(=O)N1CCN(Cc2ccc(Cl)s2)CC1,CC(=O)N1CCN(Cc2ccc(Cl)s2)CC1,AAR-POS-0daf6b7e-2,Chloroacetamide,5RFH
53,Mpro-z5c5o_0A,Mpro-z5c5o,OC[C@H](CC1CNCN1S)NC[C@@H]1C[C@H]2CCCC[C@@H]2CN1C(O)CCNC1CCCCC1,,SARS-CoV-1,SARS-CoV-2 Mpro homologues,5C5O
54,Mpro-P0019_0A,Mpro-P0019,ClC=1C=CC=C(C1)C2CCCN(C2=O)C=3C=NC=C4C=CC=CC34,,PET-UNK-c9c1e0d8-3,Isoquinoline,
55,Mpro-P0018_0A,Mpro-P0018,ClC=1C=CC=C(C1)N2CCN(CC2=O)C(=O)C=3C=NC=C4C=CC=CC34,,ERI-UCB-d6de1f3c-2,Isoquinoline,
56,Mpro-P0243_0B,Mpro-P0243,CO[C@]1(CCOC=2C=C(Cl)C(Cl)=CC21)C(=O)NC=3C=NC=C4C=CC=CC34,,EDJ-MED-d08626de-4,Isoquinoline,
57,Mpro-P0031_0A,Mpro-P0031,ClC=1C=CC=2OCCC(C(=O)NC=3C=NC=C4CCNCC34)C2C1,,BEN-DND-c852c98b-10,Isoquinoline,
59,Mpro-P0793_0B,Mpro-P0793,ClC=1C=CC=C(C1)[C@@H]2CCN(C2=O)C=3C=NC=C4C=CC=CC34,,EDG-MED-5d232de5-7,Isoquinoline,
60,Mpro-x0354_0A,Mpro-x0354,CN1CCN(CC1)C(=O)COC=2C=CC(C)=CC2,,AAR-POS-d2a4d1df-6,XChem Screen - active site,5RE9
61,Mpro-x2764_0A,Mpro-x2764,O=C(NCC=1C=NSC1)C=2C=CC=CC2OCC#N,,BAR-COM-4e090d3a-49,Moonshot - active site,5RH8
62,Mpro-z7l12_0A,Mpro-z7l12,OC1NCC(C2CC(C3CC(Cl)CC(OCC4CCCCC4)C3)C(O)N(C3CCCNC3)C2)C(O)N1,,Cmpd14,PDB,7L12
63,Mpro-P0108_0A,Mpro-P0108,FC=1C=CC(CC(=O)NC=2C=NC=C3C=CC=CC23)=CC1Cl,,RAL-THA-2d450e86-6,Isoquinoline,
64,Mpro-P0904_0A,Mpro-P0904,CC1N(CCN2C=NN=C12)C(=O)CC3(CCOC=4C=CC(Cl)=CC43)C(=O)NC=5C=NC=C6C=CC=CC56,,EDG-MED-ba1ac7b9-19,Isoquinoline,
65,Mpro-z7ldx_0A,Mpro-z7ldx,O[C@@H]1C[C@@H]2CC[C@H](C1)N2CC1CCCCC1,,,PDB,7LDX
67,Mpro-x10626_0A,Mpro-x10626,CC=1C=CN=CC1NC(=O)[C@H]2[C@@H]3CCCC[C@H]23,,MAT-POS-590ac91e-19,Aminopyridine-like,
68,Mpro-P0026_0B,Mpro-P0026,ClC=1C=CC=2OCCC(C(=O)NC3CCNC(=O)C3)C2C1,,ALP-POS-8b8a49e1-4,Moonshot - active site,
69,Mpro-x10248_0A,Mpro-x10248,CC=1C=CC(CC(=O)NC=2C=NC=CC2C)=CC1,,JAN-GHE-83b26c96-11,Aminopyridine-like,
70,Mpro-x0540_0A,Mpro-x0540,O=C(NCCC=1C=CN=CC1)NC2CCCCC2,,AAR-POS-d2a4d1df-12,XChem Screen - active site,5REH
71,Mpro-x0978_0A,Mpro-x0978,C[C@@H](O)[C@@H](NC(C)=O)C(=O)NCC=C,C[C@@H](O)[C@@H](NC(C)=O)C(=O)NCC=C,AAR-POS-d2a4d1df-42,XChem Screen - Covalent hits,5RG2
72,Mpro-x0981_0A,Mpro-x0981,CC(=O)NC(CC(N)=O)C(=O)NCC=C,CC(=O)NC(CC(N)=O)C(=O)NCC=C,AAR-POS-d2a4d1df-43,XChem Screen - Covalent hits,5RG3
73,Mpro-P0034_0A,Mpro-P0034,ClC=1C=CC=2NCC[C@@H](C(=O)NC=3C=NC=C4C=CC=CC34)C2C1,,EDJ-MED-92e193ae-1,Isoquinoline,
74,Mpro-x0376_0A,Mpro-x0376,O=C(N1CCCCCC1)C=2C=CC=3OCOC3C2,,AAR-POS-0daf6b7e-43,XChem Screen - xtal contact,5REA
77,Mpro-x11852_0A,Mpro-x11852,OC=1C=C(Cl)C=C(CN2CCN(CC2)C(=O)CCl)C1,,MAT-POS-2db6411e-2,Chloroacetamide,
78,Mpro-x11041_0A,Mpro-x11041,CN(C(=O)CC=1C=CC=C(Cl)C1)C=2C=NC=CC2C,,JAN-GHE-83b26c96-15,Aminopyridine-like,
79,Mpro-x10555_0A,Mpro-x10555,CC=1C=CN=CC1NC(=O)C2CCC32CCC3,,MAT-POS-590ac91e-22,Aminopyridine-like,
80,Mpro-x3351_0A,Mpro-x3351,CNCC1=CNC=2C=CC(F)=CC12,,DAR-DIA-eace69ff-36,Moonshot - other,
81,Mpro-x0820_0A,Mpro-x0820,CC(NC(=O)C)c1cccc2ccccc12,CC(NC(=O)C)c1cccc2ccccc12,AAR-POS-d2a4d1df-39,Chloroacetamide,5REW
82,Mpro-P0207_0B,Mpro-P0207,ClC=1C=CC=2OCCC3(CC(=O)N(C3=O)C=4C=NC=C5C=CC=CC45)C2C1,,BEN-BAS-c2bc0d80-6,Spirocycle,
83,Mpro-x10898_0A,Mpro-x10898,ClC=1C=CC=2OCC[C@@H](C(=O)NC3=NN=CN3C4CC4)C2C1,,JAG-UCB-119787ef-1,Aminopyridine-like,
84,Mpro-P0601_0A,Mpro-P0601,C[C@H]1COC=2C=CC(Cl)=CC2[C@@H]1C(=O)NC=3C=NC=C4C=CC=CC34,,EDJ-MED-e4b030d8-11,Isoquinoline,
85,Mpro-x11346_0A,Mpro-x11346,CC=1C=C(C)C=C(CC(=O)NC2=NN=CN2C)C1,,JAG-UCB-a3ef7265-18,Aminopyridine-like,
86,Mpro-x10396_0A,Mpro-x10396,CC=1C=CN=CC1NC(=O)C(F)(F)C=2C=CC=C(Cl)C2,,JAN-GHE-83b26c96-23,Aminopyridine-like,
87,Mpro-P1202_0A,Mpro-P1202,COCCN1CC(C(=O)NC=2C=NC=C3C=CC=CC23)C=4C=C(Cl)C=CC4C1,,MAT-POS-4223bc15-28,Isoquinoline,
88,Mpro-x1311_0A,Mpro-x1311,CC(=O)N(C1CS(=O)(=O)C=C1)c2ccccc2,CC(=O)N(C1CS(=O)(=O)C=C1)c2ccccc2,AAR-POS-0daf6b7e-1,Chloroacetamide,5RFG
89,Mpro-P1470_0B,Mpro-P1470,CN1N=CC=2C=NC=C(NC(=O)CC=3C=CC=C(Cl)C3)C12,,RUB-POS-1325a9ea-14,Aminopyridine-like,
90,Mpro-x0426_0A,Mpro-x0426,FC=1C=CC=CC1C(=O)NCCC=2C=CN=CC2,,AAR-POS-d2a4d1df-10,XChem Screen - active site,5RGK
91,Mpro-P0655_0A,Mpro-P0655,CC(NC(=O)CN1CCN(C2CC2)C1=O)(C(=O)NC=3C=NC=C4C=CC=CC34)C=5C=CC(Cl)=C(Cl)C5,,MAT-POS-e9e99895-6,Isoquinoline,
92,Mpro-x10150_0A,Mpro-x10150,CC(N1CCN(CCNC(c2cccc3ccccc23)=O)CC1)=O,CC(N1CCN(CCNC(c2cccc3ccccc23)=O)CC1)=O,STE-KUL-2e0d2e88-2,Chloroacetamide,
93,Mpro-x12719_0A,Mpro-x12719,CC(=O)N1CCN(CC(=O)NC=2C=NC=CC2C3CC3)CC1,,EDJ-MED-3c65e9ce-2,Aminopyridine-like,
94,Mpro-P1090_0A,Mpro-P1090,CNC(=O)CN1CC(C(=O)NC=2C=NC=C3C=CC=CC23)C=4C=C(Cl)C=CC4C1,,MAT-POS-4223bc15-23,Isoquinoline,
95,Mpro-x3324_0A,Mpro-x3324,CC(=O)NC(CO)C1=CC(Cl)=CC=C1,CC(=O)NC(CO)C1=CC(Cl)=CC=C1,DAV-CRI-3edb475e-4,Chloroacetamide,
96,Mpro-x11812_0A,Mpro-x11812,O=C(N1CCN(CC1)C=2C=CC=CC2)C=3C=NC=C4C=CC=CC34,,MAR-UCB-f313ec4d-6,Isoquinoline,
97,Mpro-P0069_0A,Mpro-P0069,FC=1C=CC(CC(=O)NC=2C=NC=C3C=CC=CC23)=CC1,,RAL-THA-2d450e86-7,Isoquinoline,
98,Mpro-x2193_0A,Mpro-x2193,CS(=O)(=O)c1ccc(cc1)N1CCNCC1,,AAR-POS-5507155c-1,XChem Screen - active site,5RHD
99,Mpro-P0111_0A,Mpro-P0111,ClC=1C=C(Cl)C=2OCCC(C(=O)NC=3C=NC=C4C=CC=CC34)C2C1,,ALP-UNI-3735e77e-2,Isoquinoline,
100,Mpro-P1090_0B,Mpro-P1090,CNC(=O)CN1CC(C(=O)NC=2C=NC=C3C=CC=CC23)C=4C=C(Cl)C=CC4C1,,MAT-POS-4223bc15-23,Isoquinoline,
101,Mpro-x11225_0A,Mpro-x11225,CC=1C=CN=CC1NC(=O)CC(N2CCC(O)CC2)C=3C=CSC3,,PET-SGC-a8a902d9-1,Aminopyridine-like,
102,Mpro-x11809_0A,Mpro-x11809,CC=1C=CN=CC1NC(=O)[C@@H]2CCOC=3C=CC(Cl)=CC23,,MAT-POS-b3e365b9-4,Aminopyridine-like,
103,Mpro-x12674_0A,Mpro-x12674,ClC=1C=CC(=CC1)C2CCCN(C2=O)C=3C=NC=C4C=CC=CC34,,ALP-POS-ce760d3f-8,Isoquinoline,
104,Mpro-x10559_0A,Mpro-x10559,CC=1C=CN=CC1NC(=O)C2CC(C2)C3CC3,,MAT-POS-590ac91e-18,Aminopyridine-like,
105,Mpro-x10322_0A,Mpro-x10322,CC=1C=C(NC(=O)CC=2C=NC=NC2)C=C(OC3CC(=O)N3)C1,,RAL-MED-2de63afb-2,Aminopyridine-like,
106,Mpro-x12000_0A,Mpro-x12000,ClC=1C=CC=C(CC(=O)NC=2C=NC=C3CCCC32)C1,,MAT-POS-199e2e7c-1,Isoquinoline,
107,Mpro-P0108_0B,Mpro-P0108,FC=1C=CC(CC(=O)NC=2C=NC=C3C=CC=CC23)=CC1Cl,,RAL-THA-2d450e86-6,Isoquinoline,
108,Mpro-x10474_0A,Mpro-x10474,CC(C)C(C)CC(=O)NC=1C=NC=CC1C,,MAT-POS-590ac91e-11,Aminopyridine-like,
109,Mpro-P0627_0A,Mpro-P0627,ClC=1C=CC=2SCCC(C(=O)NC=3C=NC=C4C=CC=CC34)C2C1,,MAT-POS-78e1d523-1,Isoquinoline,
110,Mpro-x10976_0A,Mpro-x10976,CC=1C=NC=C(NC(=O)CC=2C=CC=C(Cl)C2)C1,,EDG-MED-0da5ad92-12,Aminopyridine-like,
111,Mpro-x12207_0A,Mpro-x12207,C[C@]1(CCOC=2C=CC(Cl)=CC21)C(=O)NC=3C=NC=C4C=CC=CC34,,EDJ-MED-e4b030d8-13,Isoquinoline,
112,Mpro-x1458_0A,Mpro-x1458,CC(C)N(C)C(=O)C1CCN(CC1)C(=O)C,CC(C)N(C)C(=O)C1CCN(CC1)C(=O)C,VIR-GIT-7b3d3065-3,Chloroacetamide,5RFY
113,Mpro-x11001_0A,Mpro-x11001,NS(=O)(=O)C1=CC2=C(NC(=O)C2O)C=C1,NS(=O)(=O)C1=CC2=C(NC(=O)C2O)C=C1,LOR-NEU-c8f11034-6,Isatin,
114,Mpro-x10801_0A,Mpro-x10801,CC=1C=CN=CC1NC(=O)CC2CC3(CC3)C2,,MAT-POS-590ac91e-24,Aminopyridine-like,
115,Mpro-z4ylu_0A,Mpro-z4ylu,CCC(O)NC1CCC(N(C[C@@H]2CCSC2)C(O)CN2NNC3CCCCC32)CC1,,MERS-CoV,SARS-CoV-2 Mpro homologues,4YLU
116,Mpro-x3117_0A,Mpro-x3117,CCC(N(C(C(NC1CCOCC1)=O)c1cnccc1)c1ccc(C(C)(C)C)cc1)=O,CCC(N(C(C(NC1CCOCC1)=O)c1cnccc1)c1ccc(C(C)(C)C)cc1)=O,LON-WEI-adc59df6-39,Ugi,5RL3
117,Mpro-x0305_0A,Mpro-x0305,CCNC=1C=CC(C#N)=CN1,,AAR-POS-d2a4d1df-5,XChem Screen - active site,5R82
118,Mpro-x2703_0A,Mpro-x2703,CCC(=O)N(C(C(=O)NC1=C(CC)C=CC=C1C)C1=CN=CC=C1)C1=CN=C(C=C1)C(C)C,CCC(=O)N(C(C(=O)NC1=C(CC)C=CC=C1C)C1=CN=CC=C1)C1=CN=C(C=C1)C(C)C,LON-WEI-b8d98729-18,Ugi,5RH6
119,Mpro-x11159_0A,Mpro-x11159,O=C(NC1=NN=CN1C2CC2)C3CCOC=4C=CC=CC34,,EDJ-MED-0e996074-1,Aminopyridine-like,
120,Mpro-x0755_0A,Mpro-x0755,Fc1cccc(F)c1S(=O)(=O)N2CCN(CC2)C(=O)C,Fc1cccc(F)c1S(=O)(=O)N2CCN(CC2)C(=O)C,LON-WEI-8f408cad-2,Chloroacetamide,5REP
121,Mpro-P0010_0B,Mpro-P0010,ClC=1C=CC=C(C1)C2CCN(C2=O)C=3C=NC=C4C=CC=CC34,,PET-UNK-c9c1e0d8-4,Isoquinoline,
122,Mpro-x10296_0A,Mpro-x10296,CCC(N1CCN(Cc(cc2)ccc2F)CC1)=O,CCC(N1CCN(Cc(cc2)ccc2F)CC1)=O,ANT-OPE-d972fbad-1,Chloroacetamide,
123,Mpro-x11044_0A,Mpro-x11044,CC(C1CCCCC1)C(=O)NC=2C=NC=CC2C,,TRY-UNI-714a760b-16,Aminopyridine-like,
124,Mpro-x2600_0A,Mpro-x2600,O=C(CC=1C=CC=C(C#N)C1)NC=2C=CC=NC2,,ANN-UNI-26382800-5,Aminopyridine-like,5RGZ
125,Mpro-x11223_0A,Mpro-x11223,C[C@@H](C(O)=O)C1=C(C)C2=C(C=C1)C1=C(N2)C=CC(Cl)=C1,,MAK-UNK-0d6072ac-20,Moonshot - other,
126,Mpro-x10421_0A,Mpro-x10421,CNCCC(C(=O)NC=1C=CC=NC1)C=2C=CC=CC2,,ADA-UNI-f8e79267-5,Aminopyridine-like,
127,Mpro-x11233_0A,Mpro-x11233,CC1(CCOC=2C=CC=CC21)C(=O)NC3=NN=CN3C4CC4,,BRU-THA-a358fbdd-2,Aminopyridine-like,
128,Mpro-x10638_0A,Mpro-x10638,CC=1C=CN=CC1NC(=O)CN2C(=O)COC=3C=CC(Cl)=CC23,,BAR-COM-0f94fc3d-48,Aminopyridine-like,
129,Mpro-P0661_0B,Mpro-P0661,CO[C@]1(CCOC=2C(F)=CC(F)=CC21)C(=O)NC=3C=NC=C4C=CC=CC34,,MAT-POS-932d1078-3,Isoquinoline,
130,Mpro-x10314_0A,Mpro-x10314,CC=1C=CN=CC1NC(=O)CC=2C=NC=C(C#N)C2,,TRY-UNI-2eddb1ff-1,Aminopyridine-like,
131,Mpro-z4ylu_0C,Mpro-z4ylu,CCC(O)NC1CCC(N(C[C@@H]2CCSC2)C(O)CN2NNC3CCCCC32)CC1,,MERS-CoV,SARS-CoV-2 Mpro homologues,4YLU
132,Mpro-x10834_0A,Mpro-x10834,COC=1C=CN=CC1NC(=O)C(O)C=2C=CC=C(Br)C2,,BAR-COM-0f94fc3d-23,Aminopyridine-like,
133,Mpro-x1012_0A,Mpro-x1012,OC1CS(=O)(=O)C1,,AAR-POS-0daf6b7e-24,XChem screen - surface,5RF5
134,Mpro-x0397_0A,Mpro-x0397,CN(CC=1C=C(C)ON1)C(=O)NC2CC2,,AAR-POS-d2a4d1df-9,XChem Screen - active site,5RGI
135,Mpro-P0030_0A,Mpro-P0030,CN1C(=O)NC=2C=NC=C(NC(=O)C3CCOC=4C=CC(Cl)=CC34)C12,,EDG-MED-0e5afe9d-1,Isoquinoline,
136,Mpro-x11587_0A,Mpro-x11587,CC1=CC(C(=O)CCl)=C(C)N1NC(=O)C2=NNC(=O)C=3C=CC=CC23,CC(=O)C1=C(C)N(NC(=O)C2=NNC(=O)C3=C2C=CC=C3)C(C)=C1,TAT-ENA-80bfd3e5-37,Chloroacetamide,
137,Mpro-P0065_0A,Mpro-P0065,CC=1C=CC=C(CC(=O)NC=2C=NC=C3C=CC=CC23)C1,,RAL-THA-2d450e86-13,Isoquinoline,
138,Mpro-z2zu2_0A,Mpro-z2zu2,S[Zn](S)S,,HCoV-229E,SARS-CoV-2 Mpro homologues,2ZU2
139,Mpro-x11366_0A,Mpro-x11366,FC=1C=CC=CC1N2CCN(CC2)C(=O)C3=CC(=O)NC=4C=CC=CC34,,BEN-DND-7e92b6ca-16,Quinolone,
140,Mpro-P1835_0B,Mpro-P1835,CNC(=O)CN1CC(C(=O)NC=2C=NC=C3C=CC=CC23)C=4C=C(Cl)C=CC4C1=O,,EDJ-MED-015fb6b4-2,Isoquinoline,
141,Mpro-x11493_0A,Mpro-x11493,ClC=1C=CC=C(CC(=O)NC=2N=CN3C=CC=CC23)C1,,EDJ-MED-50fe53e8-3,Benzotriazole,
142,Mpro-P0125_0B,Mpro-P0125,O[C@]1(CCOC=2C=CC(Cl)=CC21)C(=O)NC=3C=NC=C4C=CC=CC34,,EDG-MED-971238d3-1,Isoquinoline,
143,Mpro-P1835_0A,Mpro-P1835,CNC(=O)CN1CC(C(=O)NC=2C=NC=C3C=CC=CC23)C=4C=C(Cl)C=CC4C1=O,,EDJ-MED-015fb6b4-2,Isoquinoline,
144,Mpro-P0060_0B,Mpro-P0060,ClC=1C=CC=2NC(=O)CC(C(=O)NC=3C=NC=C4C=CC=CC34)C2C1,,MIC-UNK-45817b9b-1,Isoquinoline,
145,Mpro-x3348_0A,Mpro-x3348,CC(=O)N1CCN(CC1)C(C1=CC=CC=C1)C1=CC=CC=C1,CC(=O)N1CCN(CC1)C(C1=CC=CC=C1)C1=CC=CC=C1x,SIM-SYN-f15aaa3a-1,Chloroacetamide,
146,Mpro-x10525_0A,Mpro-x10525,COC=1C=CC=CC1OC(C)CNC(=O)C2=CC(=O)NC=3C=CC(F)=CC23,,MAT-POS-590ac91e-39,Quinolone,
147,Mpro-P0185_0A,Mpro-P0185,FC(F)(C(=O)NC=1C=NC=C2C=CC=CC12)C=3C=CC(Cl)=C(Cl)C3,,MAT-POS-fce787c2-6,Isoquinoline,
148,Mpro-x0691_0A,Mpro-x0691,Fc1cccc(c1)S(=O)(=O)N2CCN(CC2)C(=O)C,Fc1cccc(c1)S(=O)(=O)N2CCN(CC2)C(=O)C,LON-WEI-8f408cad-4,Chloroacetamide,5REK
149,Mpro-P1638_0B,Mpro-P1638,COC1CN(C1)S(=O)(=O)N2CC(C(=O)NC=3C=NC=C4C=CC=CC34)C=5C=C(Cl)C=CC5C2,,EDJ-MED-1981ceba-3,Isoquinoline,
150,Mpro-z4ylu_0D,Mpro-z4ylu,CCC(O)NC1CCC(N(C[C@H]2CCSC2)C(O)CN2NNC3CCCCC32)CC1,,MERS-CoV ,SARS-CoV-2 Mpro homologues,4YLU
151,Mpro-P0068_0A,Mpro-P0068,ClC=1C=C(CC(=O)NC=2C=NC=C3C=CC=CC23)C=C(C#N)C1,,RAL-THA-2d450e86-17,Isoquinoline,
152,Mpro-x11339_0A,Mpro-x11339,CC=1C=CN=CC1NC(=O)[C@@H]2C[C@H]2CF,,ERI-UCB-5b47150d-6,Aminopyridine-like,
153,Mpro-P0154_0A,Mpro-P0154,ClC=1C=CC=2OCCC(CNC(=O)CN3C=CN=C3)(C(=O)NC=4C=NC=C5C=CC=CC45)C2C1,,EDG-MED-70ae9412-1,Isoquinoline,
154,Mpro-x10899_0A,Mpro-x10899,ClCC(=O)NC1=NC=2C(=CC=CC2S1)S(=O)(=O)NCCC=3C=CC=CC3,CC(=O)NC1=NC=2C(=CC=CC2S1)S(=O)(=O)NCCC=3C=CC=CC3,DUN-NEW-f8ce3686-23,Chloroacetamide,
155,Mpro-P0009_0A,Mpro-P0009,CC(C)(C)C=1C=CC(=CC1)N([C@@H](C(=O)NCCC=2C=CC=C(F)C2)C=3C=CC=NC3)C(=O)C4=CC=CO4,,MAT-POS-f2460aef-1,Ugi,
156,Mpro-x3298_0A,Mpro-x3298,OC(C(=O)NC=1C=CC=CC1NS(=O)(=O)C=2C=CC(F)=CC2)C=3C=CC=NC3,,BAR-COM-4e090d3a-57,Aminopyridine-like,
157,Mpro-P0178_0A,Mpro-P0178,OC(C(=O)NC=1C=NC=C2C=CC=CC12)C=3C=CC(Cl)=C(Cl)C3,,MAT-POS-fce787c2-4,Isoquinoline,
158,Mpro-x11473_0A,Mpro-x11473,CN1C=NC=C1NC(=O)CC=2C=CC=C(Cl)C2,,PET-UNK-8df914d1-4,Aminopyridine-like,
159,Mpro-P1507_0A,Mpro-P1507,FC=1C=CC=2C=NC=C(N3CCC4(COC=5C=CC(Cl)=CC54)C3=O)C2C1,,MAT-POS-8293a91a-8,Spirocycle,
162,Mpro-x10733_0A,Mpro-x10733,CC=1C=CN=CC1NC(=O)CN2C=CC=3C=CC(F)=CC23,,BAR-COM-0f94fc3d-18,Aminopyridine-like,
163,Mpro-x10820_0A,Mpro-x10820,CNC=1C=CC(=CC1)N(CC=2C=CSC2)C(=O)CN3N=NC=4C=CC=CC34,,ALP-POS-c59291d4-4,Benzotriazole,
164,Mpro-P0053_0A,Mpro-P0053,CC(C)OC=1C=CC(=CC1)N(C(C(=O)NCCC=2C=CC=C(F)C2)C=3C=CC=NC3)C(=O)C4=CNC=N4,,BRU-THA-92256091-17,Ugi,
165,Mpro-x12723_0A,Mpro-x12723,[O-][N+]=1C=C(NC(=O)[C@@H]2CCOC=3C=CC(Cl)=CC23)C=4C=CC=CC4C1,,EDJ-MED-eff36d94-1,Isoquinoline,
166,Mpro-P0186_0B,Mpro-P0186,CC(=O)NC=1C=CC(=CN1)N(CC=2C=CC=C(Cl)C2)C(=O)CC=3C=NC=C4C=CC=CC34,,ALP-POS-c3a96089-4,Isoquinoline,
167,Mpro-x1187_0A,Mpro-x1187,CN1C=CC(=N1)C(=O)NC[C@@H]2CCCO2,,AAR-POS-0daf6b7e-23,XChem screen - dimer interface,5RFA
168,Mpro-x1101_1A,Mpro-x1101,CC(C)N(C)C=1N=CN=C2N(C)N=CC12,,AAR-POS-0daf6b7e-40,XChem Screen - xtal contact,5RGR
169,Mpro-P0188_0B,Mpro-P0188,CNC(=O)CC1(CCOC=2C=CC(Cl)=CC21)C(=O)NC=3C=NC=C4C=CC=CC34,,MAT-POS-5d65ec79-2,Isoquinoline,
170,Mpro-P1623_0A,Mpro-P1623,ClC=1C=CC=2CN(CC(C(=O)NC=3C=NC=C4C=CC=CC34)C2C1)S(=O)(=O)N5CC(C5)C#N,,EDJ-MED-1981ceba-4,Isoquinoline,
171,Mpro-P0188_0A,Mpro-P0188,CNC(=O)CC1(CCOC=2C=CC(Cl)=CC21)C(=O)NC=3C=NC=C4C=CC=CC34,,MAT-POS-5d65ec79-2,Isoquinoline,
172,Mpro-x0874_0A,Mpro-x0874,O=C([C@@H]1[C@H](C2=CSC=C2)CCC1)N,,AAR-POS-d2a4d1df-14,XChem Screen - active site,5REZ
173,Mpro-x11708_0A,Mpro-x11708,C[C@@H](OC(F)F)C(=O)NC=1C=NC=CC1C,,MAT-POS-5d20d11c-1,Aminopyridine-like,
174,Mpro-P1701_0A,Mpro-P1701,O[C@]1(CCN(C1=O)C=2C=NC=C3C=CC=CC23)C=4C=CC=C(Cl)C4,,MAT-POS-8695a11f-1,Isoquinoline,
175,Mpro-x12171_0A,Mpro-x12171,ClC=1C=CC=2NCCC(C(=O)NC=3C=NC=C4C=CC=CC34)C2C1,,ALP-POS-477dc5b7-2,Isoquinoline,
176,Mpro-P1623_0B,Mpro-P1623,ClC=1C=CC=2CN(CC(C(=O)NC=3C=NC=C4C=CC=CC34)C2C1)S(=O)(=O)N5CC(C5)C#N,,EDJ-MED-1981ceba-4,Isoquinoline,
178,Mpro-P0996_0B,Mpro-P0996,ClC=1C=CC=2CN(CC(C(=O)NC=3C=NC=C4C=CC=CC34)C2C1)S(=O)(=O)C5=NC=CN5,,MAT-POS-4223bc15-30,Isoquinoline,
179,Mpro-z7l14_0B,Mpro-z7l14,NCC1CCCC[C@@H]1[C@@H]1CC(C2CC(Cl)CC(OCC3CC3)C2)C(O)N(C2CCCNC2)C1,,Cmpd26,PDB,7L14
180,Mpro-P0187_0A,Mpro-P0187,COCCOC(C(=O)NC=1C=NC=C2C=CC=CC12)C=3C=CC(Cl)=C(Cl)C3,,MAT-POS-de59a476-4,Isoquinoline,
181,Mpro-x10787_0A,Mpro-x10787,CC=1C=CN=CC1NC(=O)C2(CC(=O)C2)C=3C=CC=C(Cl)C3,,BAR-COM-0f94fc3d-25,Aminopyridine-like,
182,Mpro-x10476_0A,Mpro-x10476,CC=1C=CN=CC1NC(=O)C2CCC3(CC3)C2,,MAT-POS-590ac91e-21,Aminopyridine-like,
183,Mpro-x0669_0A,Mpro-x0669,ClC=1C=CC=C(CN2CCOCC2)C1,,AAR-POS-0daf6b7e-29,XChem screen - surface,5REI
184,Mpro-x10870_0A,Mpro-x10870,O=C(CN1N=NC=2C=CC=CC12)N(CC=3C=CSC3)C=4C=CC(NC(=O)C5CC5)=CC4,,ALP-POS-c59291d4-3,Benzotriazole,
185,Mpro-x10324_0A,Mpro-x10324,ClC=1C=CC=2OCCC(C(=O)NC3=NN=CN3C4CC4)C2C1,,JAG-UCB-a3ef7265-20,Aminopyridine-like,
186,Mpro-x11743_0A,Mpro-x11743,CC=1C=CN=CC1NC(=O)CC=2C=C(Cl)C=C(NS(=O)(=O)N)C2,,WIL-MOD-03b86a88-6,Aminopyridine-like,
187,Mpro-P0012_0A,Mpro-P0012,ClC1=CC2=C(OCC[C@H]2C(=O)NC2=C3C=CN=CC3=CN=C2)C=C1,,ALP-POS-ce760d3f-2,Isoquinoline,
188,Mpro-x11543_0A,Mpro-x11543,ClC=1C=CC=C(CC(=O)NC=2C=NC=CC2C3CC3)C1,,ALP-POS-95b75b4d-5,Aminopyridine-like,
189,Mpro-x12136_0A,Mpro-x12136,CC=1C=CN2C=NN=C2C1NC(=O)C3CCOC=4C=CC(Cl)=CC34,,JAG-UCB-52b62a6f-11,Benzotriazole,
190,Mpro-x12300_0A,Mpro-x12300,CC=1C=CN=CC1NC(=O)CC=2C=C(Cl)C=C(NCC(C)(C)C#N)C2,,MAT-POS-044491d2-7,Aminopyridine-like,
191,Mpro-x10645_0A,Mpro-x10645,CC(=O)NC=1C=CN=CC1NC(=O)C2CC=3C=CC(F)=CC23,,BAR-COM-0f94fc3d-59,Aminopyridine-like,
192,Mpro-x10565_0A,Mpro-x10565,CC=1C=CN=CC1NC(=O)CC=2C=CC=C(I)C2,,JAN-GHE-83b26c96-13,Aminopyridine-like,
193,Mpro-P0008_0B,Mpro-P0008,ClC=1C=C(OCCNC(=O)C2=CC(=O)NC=3C=CC=CC23)C=C(OC4CC(=O)N4)C1,,ERI-UCB-ce40166b-17,Quinolone,
194,Mpro-x0770_0A,Mpro-x0770,CC(=O)N1CCN(Cc2cccc(Cl)c2)CC1,CC(=O)N1CCN(Cc2cccc(Cl)c2)CC1,MED-COV-4280ac29-15,Chloroacetamide,5RET
195,Mpro-x11612_0A,Mpro-x11612,O=C(Nc1cncc2ccccc12)[C@@H]1CCOc2ccc(Cl)cc21,,MAT-POS-b3e365b9-1,Isoquinoline,
196,Mpro-x10575_0A,Mpro-x10575,CC=1C=CN=CC1NC(=O)CC2CC3CC3C2,,MAT-POS-590ac91e-23,Aminopyridine-like,
197,Mpro-x11488_0A,Mpro-x11488,COC(=O)C(C(=O)NC=1C=NC=CC1C)C=2C=CC=C(Cl)C2,,MAT-POS-1e5f28a7-1,Aminopyridine-like,
198,Mpro-x1385_0A,Mpro-x1385,CC(=O)N1CCN(Cc2ccc(Br)s2)CC1,CC(=O)N1CCN(Cc2ccc(Br)s2)CC1,JOH-UNI-27ac80fd-23,Chloroacetamide,5RFR
199,Mpro-P0238_0A,Mpro-P0238,OCCCN1CCN(CC1)C(=O)CC2(CCOC=3C=CC(Cl)=CC32)C(=O)NC=4C=NC=C5C=CC=CC45,,ALP-UNI-8e43a71e-8,Isoquinoline,
200,Mpro-x10876_0A,Mpro-x10876,CN(C)C1=CC=C(C=C1)N(CC1=CSC=C1)C(=O)CN1N=NC2=C1C=CC=C2,,ALP-POS-d2866bdf-1,Benzotriazole,
201,Mpro-P0626_0A,Mpro-P0626,COC1(CCOC=2C=C(F)C(Cl)=CC21)C(=O)NC=3C=NC=C4C=CC=CC34,,ALP-POS-fe871b40-11,Isoquinoline,
202,Mpro-P0179_0B,Mpro-P0179,CCC(=O)N(C(=O)[C@@H]1CCOC2=C1C=C(Cl)C=C2)C1=C2C=CC=CC2=CN=C1,,VLA-UCB-50c39ae8-7,Isoquinoline,
203,Mpro-x1077_0A,Mpro-x1077,N#CC=1C=CC(=CN1)N2CCCOCC2,,AAR-POS-d2a4d1df-19,XChem Screen - active site,5RF6
204,Mpro-x12679_0A,Mpro-x12679,ClC=1C=CC=C(C1)N2CCN(CC2=O)C(=O)C3=CC(=O)NC=4C=CC=CC34,,ERI-UCB-d6de1f3c-1,Quinolone,
205,Mpro-P0186_0A,Mpro-P0186,CC(=O)NC=1C=CC(=CN1)N(CC=2C=CC=C(Cl)C2)C(=O)CC=3C=NC=C4C=CC=CC34,,ALP-POS-c3a96089-4,Isoquinoline,
206,Mpro-x3325_0A,Mpro-x3325,CC(=O)N1CCN(CC#C)CC1,CC(=O)N1CCN(CC#C)CC1,TOB-UNK-c2aba166-1,Chloroacetamide,
207,Mpro-x10710_0A,Mpro-x10710,CC(=O)NNC(=O)C1CC2=C(CN1C(=O)CCl)C=CC=C2,CC(=O)NNC(=O)C1CC2=C(CN1C(=O)CCl)C=CC=C2,NAU-LAT-64f4b287-5,Chloroacetamide,
208,Mpro-x12582_0A,Mpro-x12582,ClC=1C=CC=C(C1)N2CCN(CC2=O)C(=O)C=3C=NC=C4C=CC=CC34,,ERI-UCB-d6de1f3c-2,Isoquinoline,
209,Mpro-P0906_0A,Mpro-P0906,CC(C)(C)OC=1C=CN=CC1NC(=O)CC=2C=CC=C(Cl)C2,,JIN-POS-6dc588a4-6,Aminopyridine-like,
210,Mpro-P1701_0B,Mpro-P1701,O[C@]1(CCN(C1=O)C=2C=NC=C3C=CC=CC23)C=4C=CC=C(Cl)C4,,MAT-POS-8695a11f-1,Isoquinoline,
211,Mpro-P0157_0A,Mpro-P0157,CO[C@]1(CCOC=2C=CC(Cl)=CC21)C(=O)NC=3C=NC=C4C=CC=CC34,,PET-UNK-29afea89-2,Isoquinoline,
212,Mpro-x11204_0A,Mpro-x11204,COC(=O)C1=C2NC(=O)C(O)C2=CC(Br)=C1,COC(=O)C1=C2NC(=O)C(O)C2=CC(Br)=C1,LOR-NOR-30067bb9-15,Isatin,
213,Mpro-P0064_0A,Mpro-P0064,FC=1C=CC=C(CC(=O)NC=2C=NC=C3C=CC=CC23)C1,,RAL-THA-2d450e86-10,Isoquinoline,
214,Mpro-x10723_0A,Mpro-x10723,CC=1C=CN=CC1NC(=O)CC=2C=NC=C(Cl)C2,,TRY-UNI-2eddb1ff-2,Aminopyridine-like,
215,Mpro-P0187_0B,Mpro-P0187,COCCOC(C(=O)NC=1C=NC=C2C=CC=CC12)C=3C=CC(Cl)=C(Cl)C3,,MAT-POS-de59a476-4,Isoquinoline,
216,Mpro-x3124_0A,Mpro-x3124,CCC(N(C(C(NC)=O)c1cnccc1)c1ccc(C(C)(C)C)cc1)=O,CCC(N(C(C(NC)=O)c1cnccc1)c1ccc(C(C)(C)C)cc1)=O,LON-WEI-adc59df6-3,Ugi,5RL4
217,Mpro-x11475_0A,Mpro-x11475,CC=1C=CN=CC1N2CCN(C2=O)C=3C=CC=C(Cl)C3,,JAG-UCB-cedd89ab-1,Aminopyridine-like,
218,Mpro-x11789_0A,Mpro-x11789,ClC=1C=CC=C(CC(=O)NN2N=NC=3C=CC=CC23)C1,,MAT-POS-bfb445d4-2,Benzotriazole,
219,Mpro-x11417_0A,Mpro-x11417,CC(=O)N1CCN(CC(=O)NC=2C=NC=CC2C)CC1,,BEN-DND-93268d01-8,Aminopyridine-like,
220,Mpro-x12026_0A,Mpro-x12026,ClC=1C=CC=C(CC(=O)NC2=NN=C3C=CC=CN23)C1,,PET-UNK-e44ffd04-1,Benzotriazole,
221,Mpro-P0208_0A,Mpro-P0208,N[C@@]1(C(=O)Nc2cncc3ccccc23)CCOc2ccc(Cl)cc21,,EDG-MED-971238d3-4,Isoquinoline,
222,Mpro-x12777_0A,Mpro-x12777,COC=1C=CC=2C=NC=C(NC(=O)CC=3C=CC=C(Cl)C3)C2C1,,EDJ-MED-00c1612e-1,Isoquinoline,
223,Mpro-P1477_0A,Mpro-P1477,ClC=1C=CC=C(C1)C(NC(=O)[C@@H]2CC[C@@H](O2)C(=O)N3CCCC3)C(=O)NC=4C=NC=C5C=CC=CC45,,MAT-POS-a13804f0-4,Isoquinoline,
224,Mpro-x11271_0A,Mpro-x11271,COC=1C=C(Cl)C=C(CC(=O)NC=2C=NC=CC2C)C1,,MAT-POS-c9973a83-1,Aminopyridine-like,
225,Mpro-x0774_0A,Mpro-x0774,CC(=O)N1CCN(CC1)S(=O)(=O)c2ccccc2C#N,CC(=O)N1CCN(CC1)S(=O)(=O)c2ccccc2C#N,AAR-POS-d2a4d1df-37,Chloroacetamide,5REU
226,Mpro-x11590_0A,Mpro-x11590,CC=1C(C(=O)CCl)=C2C=CC=CN2C1C(=O)C=3C=CC(F)=CC3,,TAT-ENA-80bfd3e5-4,Chloroacetamide,
227,Mpro-x0759_0A,Mpro-x0759,Fc1ccc(cc1)C2CN(CCO2)C(=O)C,Fc1ccc(cc1)C2CN(CCO2)C(=O)C,AAR-POS-d2a4d1df-33,Chloroacetamide,5RER
228,Mpro-x0705_0A,Mpro-x0705,CC(=O)N1CCN(CC1)C(=O)c1ccc(C)cc1,CC(=O)N1CCN(CC1)C(=O)c1ccc(C)cc1,AAR-POS-d2a4d1df-25,Chloroacetamide,5RGL
229,Mpro-P0145_0A,Mpro-P0145,CC=1C=CN=CC1NC(=O)C2CCOC=3C=CC(Cl)=CC23,,BRU-CON-c4e3408a-1,Aminopyridine-like,
230,Mpro-x11431_0A,Mpro-x11431,ClC=1C=CC=C(CC(=O)NC=2C=NC=C3CCCCC23)C1,,EDJ-MED-a364e151-1,Isoquinoline,
231,Mpro-x3113_0A,Mpro-x3113,CCC(N(C(C(NCCCOC)=O)c1cnccc1)c1ccc(C(C)(C)C)cc1)=O,CCC(N(C(C(NCCCOC)=O)c1cnccc1)c1ccc(C(C)(C)C)cc1)=O,LON-WEI-adc59df6-27,Ugi,5RL1
232,Mpro-x1375_0A,Mpro-x1375,Fc1ccc(cc1)N(C2CS(=O)(=O)C=C2)C(=O)C,Fc1ccc(cc1)N(C2CS(=O)(=O)C=C2)C(=O)C,AAR-POS-0daf6b7e-8,Chloroacetamide,5RFN
233,Mpro-x11212_0A,Mpro-x11212,OC1C(=O)N(CC2=NOC=N2)C2=C1C=C(Br)C=C2,OC1C(=O)N(CC2=NOC=N2)C2=C1C=C(Br)C=C2,LOR-NOR-30067bb9-18,Isatin,7JR4
234,Mpro-x1235_0A,Mpro-x1235,COC(=O)NC=1SC(C)=NC1C=2C=CC=CC2,,AAR-POS-0daf6b7e-35,XChem Screen - xtal contact,5RFC
235,Mpro-x10728_0A,Mpro-x10728,OC1CCC(CC1)N(CC2CCCCC2)C3CCCN(C3)C(=O)CCl,OC1CCC(CC1)N(CC2CCCCC2)C3CCCN(C3)C(=O)C,WAR-XCH-72a8c209-5,Chloroacetamide,
236,Mpro-x11499_0A,Mpro-x11499,ClC=1C=CC=C(CC(=O)NC=2C=NC=C3C=CN=CC23)C1,,MAT-POS-f7918075-5,Isoquinoline,
237,Mpro-x0786_0A,Mpro-x0786,CC(=O)Nc1cccc(c1)C(=O)N1CCSCC1,CC(=O)Nc1cccc(c1)C(=O)N1CCSCC1,AAR-POS-d2a4d1df-38,Chloroacetamide,5REV
238,Mpro-P0061_0B,Mpro-P0061,FC=1C=CC(F)=C(CC(=O)NC=2C=NC=C3C=CC=CC23)C1,,RAL-THA-2d450e86-26,Isoquinoline,
239,Mpro-x11354_0A,Mpro-x11354,CC=1C=CN=CC1CC(=O)NC=2C=CC=C3CCNCC23,,ADA-UCB-6c2cb422-3,Aminopyridine-like,
240,Mpro-z7d3i_1A,Mpro-z7d3i,NC(CO)(CO)CO,,,PDB,7D3I
241,Mpro-x12321_0A,Mpro-x12321,CC=1C=CN=CC1NC(=O)CC=2C=C(Cl)C=C(NC3CC3C(F)(F)F)C2,,MAT-POS-044491d2-3,Aminopyridine-like,
242,Mpro-x11507_0A,Mpro-x11507,ClC=1C=CC=C(CC(=O)NC=2C=NC=CC2C=3C=CC=CC3)C1,,ALP-POS-0c2c77e1-1,Aminopyridine-like,
243,Mpro-x10478_0A,Mpro-x10478,CC=1C=CN=CC1NC(=O)CC23CC3CCC2,,MAT-POS-590ac91e-25,Aminopyridine-like,
244,Mpro-z7ldx_0B,Mpro-z7ldx,O[C@@H]1C[C@@H]2CC[C@H](C1)N2CC1CCCCC1,,,PDB,7LDX
245,Mpro-P0057_0A,Mpro-P0057,CN(C)C=1C=CC(=NC1)N(CC=2C=CC=C(Cl)C2)C(=O)CC=3C=NC=C4C=CC=CC34,,MAT-POS-6c284e65-1,Isoquinoline,
246,Mpro-x10889_1A,Mpro-x10889,CS(=O)(=O)NCCC(C(=O)NC=1C=CC=NC1)C=2C=CC=CC2,,ADA-UNI-f8e79267-2,Aminopyridine-like,
247,Mpro-x1132_0A,Mpro-x1132,CC1CN(CCO1)C(=O)CN2C=CC=N2,,AAR-POS-0daf6b7e-38,XChem Screen - xtal contact,5RF9
248,Mpro-P0816_0A,Mpro-P0816,ClC=1C=CC=C(C1)[C@H]2CCN(C2=O)C=3C=NC=C4C=CC=CC34,,EDG-MED-5d232de5-8,Isoquinoline,
249,Mpro-P0124_0B,Mpro-P0124,CS(=O)(=O)C=1C=CC=2C=NC=C(NC(=O)C3CCOC=4C=CC(Cl)=CC34)C2C1,,BEN-DND-c852c98b-5,Isoquinoline,
250,Mpro-x11557_0A,Mpro-x11557,CC=1C=CN=CC1NC(=O)C(CO)C=2C=CC=C(Cl)C2,,EDG-MED-0da5ad92-5,Aminopyridine-like,
251,Mpro-P0017_0A,Mpro-P0017,ClC=1C=CC(=CC1)C2CCCN(C2=O)C=3C=NC=C4C=CC=CC34,,ALP-POS-ce760d3f-8,Isoquinoline,
252,Mpro-x0387_0A,Mpro-x0387,OC1CCN(CC=2C=CSC2)CC1,,AAR-POS-d2a4d1df-7,XChem Screen - active site,5REB
253,Mpro-x12696_0A,Mpro-x12696,CN1C(=O)NC=2C=NC=C(NC(=O)C3CCOC=4C=CC(Cl)=CC34)C12,,EDG-MED-0e5afe9d-1,Isoquinoline,
255,Mpro-x1237_0A,Mpro-x1237,CS(=O)(=O)CC1=NC=2C=CC=CC2N1,,AAR-POS-0daf6b7e-39,XChem Screen - xtal contact,5RFD
256,Mpro-P0012_0B,Mpro-P0012,ClC1=CC2=C(OCC[C@H]2C(=O)NC2=C3C=CN=CC3=CN=C2)C=C1,,ALP-POS-ce760d3f-2,Isoquinoline,
257,Mpro-x0995_0A,Mpro-x0995,NC=1C=NC=NC1,,AAR-POS-d2a4d1df-18,XChem Screen - active site,5RF3
258,Mpro-P0017_0B,Mpro-P0017,ClC=1C=CC(=CC1)C2CCCN(C2=O)C=3C=NC=C4C=CC=CC34,,ALP-POS-ce760d3f-8,Isoquinoline,
259,Mpro-x0736_0A,Mpro-x0736,CC(=O)N1CCN(CC1)C(=O)c1ccco1,CC(=O)N1CCN(CC1)C(=O)c1ccco1,AAR-POS-d2a4d1df-29,Chloroacetamide,5RGO
260,Mpro-x10306_0A,Mpro-x10306,CC(C)CC1CN(CCN1CC=2C=CC=C(Cl)C2)C(=O)CCl,CC(C)CC1CN(CCN1CC=2C=CC=C(Cl)C2)C(=O)C,DAN-LON-a5fc619e-3,Chloroacetamide,
261,Mpro-x10900_0A,Mpro-x10900,CC(C(=O)NC=1C=NC=CC1C)C=2C=NC=C(Cl)C2,,TRY-UNI-2eddb1ff-3,Aminopyridine-like,
262,Mpro-x11560_0A,Mpro-x11560,C[C@H](OC(F)F)C(=O)NC=1C=NC=CC1C,,MAT-POS-590ac91e-17,Aminopyridine-like,
263,Mpro-x3359_0A,Mpro-x3359,CCNC(=O)C(N(C(=O)CC)C1=CC=C(C=C1)C(C)(C)C)C1=CN=CC=C1,CCNC(=O)C(N(C(=O)CC)C1=CC=C(C=C1)C(C)(C)C)C1=CN=CC=C1,LON-WEI-adc59df6-30,Ugi,5RL5
264,Mpro-x0194_0A,Mpro-x0194,CC(=O)NC=1C=CC(OC=2N=CC=CN2)=CC1,,AAR-POS-0daf6b7e-33,XChem Screen - xtal contact,5RE6
265,Mpro-P0744_0A,Mpro-P0744,ClC=1C=CC=2CNC[C@@H](C(=O)NC=3C=NC=C4C=CC=CC34)C2C1,,MAT-POS-3ccb8ef6-1,Isoquinoline,
266,Mpro-z7kvr_0B,Mpro-z7kvr,CN(C)C1CCNC(N)C1,,FMAX_E09,PDB,7KVR
267,Mpro-x0749_0A,Mpro-x0749,CC(=O)N1CCCC(C1)c2nc3ccccc3s2,CC(=O)N1CCCC(C1)c2nc3ccccc3s2,AAR-POS-d2a4d1df-30,Chloroacetamide,5REN
268,Mpro-x1249_0A,Mpro-x1249,O=C(NCC=1C=CC(C#N)=CC1)N2CCOCC2,,AAR-POS-d2a4d1df-21,XChem Screen - active site,5RFE
269,Mpro-x11508_0A,Mpro-x11508,ClC=1C=CC=C(CC(=O)NC=2N=NC=C3C=CC=CC23)C1,,EDJ-MED-50fe53e8-1,Isoquinoline,
270,Mpro-x10700_0A,Mpro-x10700,COC=1C=CC=CC1OCCNC(=O)C=2C=CNC(=O)C2,,BEN-DND-7e92b6ca-1,Quinolone,
271,Mpro-x1412_0A,Mpro-x1412,CC(=O)N1CCN(CC1)C(=O)c2cccs2,CC(=O)N1CCN(CC1)C(=O)c2cccs2,AAR-POS-0daf6b7e-16,Chloroacetamide,5RFV
272,Mpro-x1493_0A,Mpro-x1493,CC(=O)N1CCN(CC1)C(=O)C,CC(=O)N1CCN(CC1)C(=O)C,AAR-POS-0daf6b7e-21,Chloroacetamide,5RG0
273,Mpro-x10237_0A,Mpro-x10237,ClC=1C=CC=C(C1)N(CCN2CCOCC2)C(=O)NC=3C=CC=NC3,,JOR-UNI-2fc98d0b-6,Aminopyridine-like,
274,Mpro-P2001_0B,Mpro-P2001,ClC=1C=CC=C(CC(=O)NN2C=NC=3C=CC=CC23)C1,,JAN-GHE-5a013bed-2,Aminopyridine-like,
275,Mpro-x3351_1A,Mpro-x3351,CNCC1=CNC=2C=CC(F)=CC12,,DAR-DIA-eace69ff-36,Moonshot - other,
276,Mpro-P0661_0A,Mpro-P0661,CO[C@]1(CCOC=2C(F)=CC(F)=CC21)C(=O)NC=3C=NC=C4C=CC=CC34,,MAT-POS-932d1078-3,Isoquinoline,
277,Mpro-x11810_0A,Mpro-x11810,ClC=1C=CN=C(CC(=O)NC=2C=NC=C3C=CC=CC23)C1,,PET-UNK-3c72d439-1,Isoquinoline,
278,Mpro-P0766_0A,Mpro-P0766,CC1(C(=O)NC=2C=NC=C3C=CC=CC23)C(=O)NC=4C=CC(Cl)=CC41,,EDJ-MED-9e38fd34-1,Isoquinoline,
279,Mpro-P2001_0A,Mpro-P2001,ClC=1C=CC=C(CC(=O)NN2C=NC=3C=CC=CC23)C1,,JAN-GHE-5a013bed-2,Aminopyridine-like,
280,Mpro-x10995_0A,Mpro-x10995,CCC=1C=CN=CC1NC(=O)CC=2C=CC=C(N2)C(F)(F)F,,JAG-UCB-a3ef7265-23,Aminopyridine-like,7K0F
281,Mpro-x2581_0A,Mpro-x2581,COC=1C=CN=C(NC(=O)CC=2C=CC=3C=CC=CC3C2)C1,,ALV-UNI-7ff1a6f9-47,Aminopyridine-like,5RGY
282,Mpro-x3366_0A,Mpro-x3366,CC=1C=CN=CC1NC(=O)CC=2C=CC=3NC=NC3C2,,GAB-REV-70cc3ca5-18,Aminopyridine-like,
283,Mpro-x3333_0A,Mpro-x3333,CC(=O)N(CCC(N)=O)C1CCS(=O)(=O)C1,CC(=O)N(CCC(N)=O)C1CCS(=O)(=O)C1,DAN-PUR-6788a628-2,Chloroacetamide,
284,Mpro-x11485_0A,Mpro-x11485,CC=1C=CN=NC1NC(=O)CC=2C=CC=C(Cl)C2,,EDG-MED-0da5ad92-15,Aminopyridine-like,
285,Mpro-P1788_0A,Mpro-P1788,ClC=1C=CC=2CN(CC(C(=O)NC=3C=NC=C4C=CC=CC34)C2C1)S(=O)(=O)CC5(CC5)C#N,,MAT-POS-dc2604c4-1,Isoquinoline,
286,Mpro-P1624_0B,Mpro-P1624,ClC=1C=CC=2CN(CC(C(=O)NC=3C=NC=C4C=CC=CC34)C2C1)S(=O)(=O)N5CCC5,,EDJ-MED-1981ceba-2,Isoquinoline,
287,Mpro-x1226_0A,Mpro-x1226,CCNCC1=CN(C)N=N1,,AAR-POS-0daf6b7e-34,XChem Screen - xtal contact,5RFB
288,Mpro-x11258_0A,Mpro-x11258,CCOC1=C(CN2C(=O)C(O)C3=C2C=CC(Br)=C3)C=CC=C1,CCOC1=C(CN2C(=O)C(O)C3=C2C=CC(Br)=C3)C=CC=C1,LOR-NOR-30067bb9-6,Isatin,
290,Mpro-x11641_0A,Mpro-x11641,CC(C(=O)NC=1C=NC=CC1C)C=2C=C(Cl)C=C(OC3CC(=O)N3)C2,,TRY-UNI-2eddb1ff-8,Aminopyridine-like,
291,Mpro-x0434_0A,Mpro-x0434,O=C(NC=1C=CC=CC1)NC=2C=CC=NC2,,AAR-POS-d2a4d1df-11,Aminopyridine-like,5R83
292,Mpro-x11501_0A,Mpro-x11501,CN(C(=O)CC=1C=CC=C(Cl)C1)C=2C=NC=C3C=CC=CC23,,MAT-POS-bb423b95-7,Isoquinoline,
293,Mpro-P1507_0B,Mpro-P1507,FC=1C=CC=2C=NC=C(N3CCC4(COC=5C=CC(Cl)=CC54)C3=O)C2C1,,MAT-POS-8293a91a-8,Spirocycle,
294,Mpro-P0121_0B,Mpro-P0121,CC(C(=O)NC=1C=NC=C2C=CC=CC12)C=3C=CC(Cl)=C(Cl)C3,,MAT-POS-fce787c2-3,Isoquinoline,
295,Mpro-x10494_0A,Mpro-x10494,CC=1C=CN=C(N)C1NC(=O)CC=2C=CC=C(Cl)C2,,EDG-MED-0da5ad92-18,Aminopyridine-like,
296,Mpro-P2005_0A,Mpro-P2005,ClC=1C=CC=C(CC(=O)NC=2C=NC=C3C=CC=CC23)C1,,ADA-UCB-6c2cb422-1,Isoquinoline,
297,Mpro-P0240_0A,Mpro-P0240,ClC=1C=CC=2CNCC(C(=O)NC=3C=NC=C4C=CC=CC34)C2C1,ClC=1C=CC=2CNCC(C(=O)NC=3C=NC=C4C=CC=CC34)C2C1,BEN-DND-f2e727cd-5,Isoquinoline,
298,Mpro-x0104_0A,Mpro-x0104,CC(=O)NCCC1=CNC=2C=CC(F)=CC12,,AAR-POS-d2a4d1df-2,XChem Screen - active site,5R7Z
299,Mpro-P1788_0B,Mpro-P1788,ClC=1C=CC=2CN(CC(C(=O)NC=3C=NC=C4C=CC=CC34)C2C1)S(=O)(=O)CC5(CC5)C#N,,MAT-POS-dc2604c4-1,Isoquinoline,
300,Mpro-x11025_0A,Mpro-x11025,CC=1NN=CC1NC(=O)CC=2C=CC=C(Cl)C2,,EDG-MED-0da5ad92-21,Aminopyridine-like,
301,Mpro-x10506_0A,Mpro-x10506,CC(=O)NCCC1=CNC=2C(CN3CCN(CC3)C(=O)CCl)=CC=CC12,CC(=O)NCCC1=CNC2=C1C=CC=C2CN1CCN(CC1)C(C)=O,DUN-NEW-f8ce3686-24,Chloroacetamide,
302,Mpro-P0776_0A,Mpro-P0776,CN1CCC=2C=CC(Cl)=CC2C1C(=O)NC=3C=NC=C4C=CC=CC34,,MAT-POS-fb82b63d-3,Isoquinoline,
303,Mpro-x11186_0A,Mpro-x11186,ClC=1C=CC=2OCC(C(=O)NC3=NN=CN3C4CC4)C2C1,,NAU-LAT-8502cac5-2,Aminopyridine-like,
304,Mpro-P0765_0A,Mpro-P0765,CN1C(=O)N(C(=O)C21CCOC=3C=CC(Cl)=CC32)C=4C=NC=C5C=CC=CC45,,BEN-BAS-c2bc0d80-7,Spirocycle,
305,Mpro-x10871_0A,Mpro-x10871,CCC(=O)NC=1C=CC(=CC1)N(CC=2C=CSC2)C(=O)CN3N=NC=4C=CC=CC34,,ALP-POS-c59291d4-2,Benzotriazole,
306,Mpro-x2562_0A,Mpro-x2562,O=C(CC=1C=NC=NC1)NC=2C=CC=C(OC3CC(=O)N3)C2,,BAR-COM-4e090d3a-39,Aminopyridine-like,5RGU
307,Mpro-P0743_0A,Mpro-P0743,CC(=O)N1CC2CC1CN2C(=O)CC3(CCOC=4C=CC(Cl)=CC43)C(=O)NC=5C=NC=C6C=CC=CC56,,KAD-UNI-80f122c8-2,Isoquinoline,
308,Mpro-P2007_0B,Mpro-P2007,ClC=1C=CC=C(CC(=O)NC2=CN=C3C=CC=CN23)C1,,PET-UNK-8df914d1-2,Aminopyridine-like,
309,Mpro-x1086_0A,Mpro-x1086,CC=1C=C(F)C=CC1CS(=O)(=O)N,,AAR-POS-0daf6b7e-46,XChem screen - dimer interface,5RGQ
310,Mpro-P0640_0A,Mpro-P0640,CC(C)N1CCOC(C1)C(=O)NC(C)(C(=O)NC=2C=NC=C3C=CC=CC23)C=4C=CC(Cl)=C(Cl)C4,,MAT-POS-e9e99895-2,Isoquinoline,
311,Mpro-P0602_0B,Mpro-P0602,COC1(CCOC=2C(F)=CC(F)=CC21)C(=O)NC=3C=NC=C4C=CC=CC34,,EDJ-MED-37aac4bd-4,Isoquinoline,
312,Mpro-x1351_0A,Mpro-x1351,CC(=O)N1CCC(CC1)NC(=O)c2ccccc2,CC(=O)N1CCC(CC1)NC(=O)c2ccccc2,AAR-POS-0daf6b7e-5,Chloroacetamide,5RFK
313,Mpro-x10178_0A,Mpro-x10178,O=C(CC=1C=CC=NC1)NC=2C=NC=C(C#N)C2,,DAR-DIA-23aa0b97-6,Aminopyridine-like,
314,Mpro-x10359_0A,Mpro-x10359,CC=1C=CN=CC1NC(=O)CC=2C=CC=C(O)C2,,ALP-POS-95b75b4d-2,Aminopyridine-like,
315,Mpro-x12080_0A,Mpro-x12080,COC1=CC(OC)=NC(C=N)=N1,COC1=CC(OC)=NC(C=N)=N1,AAR-RCN-748c104b-1,Moonshot - active site,
316,Mpro-P2007_0A,Mpro-P2007,ClC=1C=CC=C(CC(=O)NC2=CN=C3C=CC=CN23)C1,,PET-UNK-8df914d1-2,Aminopyridine-like,
317,Mpro-x10155_0A,Mpro-x10155,CC(N1CCN(Cc2cnc(Cc3ccccc3)s2)CC1)=O,CC(N1CCN(Cc2cnc(Cc3ccccc3)s2)CC1)=O,MED-COV-4280ac29-25,Chloroacetamide,
318,Mpro-x12204_0A,Mpro-x12204,CC1CCN(CC1)C(=O)CN2N=NC=3C=CC=CC23,,ANT-DIA-62e4526e-1,Benzotriazole,
319,Mpro-x11530_0A,Mpro-x11530,ClC=1C=CC=C(CC(=O)NC=2C=NC=C3C=CC=NC23)C1,,MAT-POS-bb423b95-2,Isoquinoline,
320,Mpro-x11894_0A,Mpro-x11894,O=CC(NC(=O)C1=CC=CS1)=CC1=CC=C(S1)N1CCOCC1,O=CC(NC(=O)C1=CC=CS1)=CC1=CC=C(S1)N1CCOCC1,MAT-POS-fa06b69f-6,Moonshot - active site,
321,Mpro-x10889_0A,Mpro-x10889,CS(=O)(=O)NCCC(C(=O)NC=1C=CC=NC1)C=2C=CC=CC2,,ADA-UNI-f8e79267-2,Aminopyridine-like,
322,Mpro-x10678_0A,Mpro-x10678,ClCC(=O)N1CC(C=2C=CC=C(C#N)C2)C=3C=CC=CC3C1,CC(=O)N1CC(C=2C=CC=C(C#N)C2)C=3C=CC=CC3C1,NIR-THE-c331be7a-2,Chloroacetamide,
323,Mpro-x12025_1A,Mpro-x12025,COC=1C=CC=CC1NC2CN(C2)C(=O)C3=CC(=O)NC=4C=CC=CC34,,ERI-UCB-a0b0dbcb-8,Quinolone,
324,Mpro-P0075_0B,Mpro-P0075,FC=1C=C(F)C=C(CC(=O)NC=2C=NC=C3C=CC=CC23)C1,,RAL-THA-2d450e86-16,Isoquinoline,
325,Mpro-P0925_0A,Mpro-P0925,FC(F)(F)C=1C=CN=CC1NC(=O)CC=2C=CC=C(Cl)C2,,SAM-UNK-2684b532-12,Aminopyridine-like,
326,Mpro-x11454_0A,Mpro-x11454,ClC=1C=CC=C(CC(=O)NC2=CN=C3C=CC=CN23)C1,,PET-UNK-8df914d1-2,Benzotriazole,
327,Mpro-x1093_0A,Mpro-x1093,CN1CCN(CC1)C(=O)CC1=CNC2=NC=CC=C12,,AAR-POS-d2a4d1df-20,XChem Screen - active site,5RF7
328,Mpro-x10862_0A,Mpro-x10862,COCC(NC(=O)CC1C(=O)NC=2C=CC(F)=CC12)C=3C=CC=C(Br)C3,,BAR-COM-0f94fc3d-3,Moonshot - active site,
329,Mpro-x11498_0A,Mpro-x11498,ClC=1C=CC=2OCCC(C(=O)NC=3C=NC=C4C=CC=CC34)C2C1,,VLA-UCB-1dbca3b4-15,Isoquinoline,
331,Mpro-x11562_0A,Mpro-x11562,CCCCOC=1C=CC(Cl)=CC1CC(=O)NC=2C=NC=CC2C,,EDG-MED-0da5ad92-7,Aminopyridine-like,
332,Mpro-x10484_0A,Mpro-x10484,CC=1C=CN=CC1NC(=O)CC(C)(C)C=2C=CC=CC2,,BEN-DND-93268d01-13,Aminopyridine-like,
333,Mpro-x0390_0A,Mpro-x0390,OC=1C=CC=CC1CNC2=NC=3C=CC=CC3N2,,AAR-POS-0daf6b7e-25,XChem screen - surface,5REC
334,Mpro-P0777_0A,Mpro-P0777,CCC=1C=C(Cl)C=C(CC(=O)NC=2C=NC=C3C=CC=CC23)C1,,PET-UNK-bb7ffe78-1,Isoquinoline,
335,Mpro-P0850_0A,Mpro-P0850,ClC=1C=C2NCCC(C(=O)NC=3C=NC=C4C=NC=CC34)C2=CC1Cl,,ALP-UNI-8d415491-3,Isoquinoline,
336,Mpro-x11642_0A,Mpro-x11642,COC=1C=CC=C(OC=2C=C(Cl)C=C(NC(=O)CC=3C=NC=C4C=CC=CC34)C2)N1,,MAT-POS-6344a35d-1,Isoquinoline,
337,Mpro-P0845_0A,Mpro-P0845,CNC(=O)COCC1(CCOC=2C=CC(Cl)=CC21)C(=O)NC=3C=NC=C4C=CC=CC34,,ALP-POS-9c80c481-1,Isoquinoline,
338,Mpro-x11368_0A,Mpro-x11368,CC=1C=CN=CC1NC(=O)CC=2C=CC=C(Br)C2,,JAN-GHE-83b26c96-12,Aminopyridine-like,
339,Mpro-P0025_0B,Mpro-P0025,ClC=1C=CC=C(CC(=O)NC=2C=NC=C3C=CC=CC23)N1,,MAT-POS-afd4d4fd-2,Isoquinoline,
340,Mpro-x10201_0A,Mpro-x10201,ClC=1C=CC=C(CC(=O)NC=2C=CC=NC2)C1,,EDG-MED-0da5ad92-2,Aminopyridine-like,
341,Mpro-P0208_0B,Mpro-P0208,N[C@@]1(C(=O)Nc2cncc3ccccc23)CCOc2ccc(Cl)cc21,,EDG-MED-971238d3-4,Isoquinoline,
342,Mpro-P0772_0A,Mpro-P0772,CN1C[C@@H]2C[C@H]1CN2C(=O)CC3(CCOC=4C=CC(Cl)=CC43)C(=O)NC=5C=NC=C6C=CC=CC56,,EDG-MED-ba1ac7b9-13,Isoquinoline,
343,Mpro-x10395_0A,Mpro-x10395,CN(C)C(C(=O)NC=1C=NC=CC1C)C=2C=CC=C(Cl)C2,,JAN-GHE-83b26c96-10,Aminopyridine-like,
344,Mpro-x10513_0A,Mpro-x10513,CC=1C=CC=C(C1)C2CN(CC=3C=CC=CC23)C(=O)CCl,CC=1C=CC=C(C1)C2CN(CC=3C=CC=CC23)C(=O)C,NIR-THE-c331be7a-6,Chloroacetamide,
345,Mpro-x0499_0A,Mpro-x0499,NC(=O)C=1C=CC(NC(=O)[C@@H]2CCCO2)=CC1,,AAR-POS-0daf6b7e-41,XChem Screen - xtal contact,5REG
346,Mpro-P0808_0B,Mpro-P0808,CC(=O)N1CC(C(=O)NC=2C=NC=C3C=CC=CC23)C=4C=C(Cl)C=CC4C1,,MAT-POS-dd3ad2b5-2,Isoquinoline,
347,Mpro-x1382_0A,Mpro-x1382,CC(NC(=O)C)c1cccc(Cl)c1,CC(NC(=O)C)c1cccc(Cl)c1,AAR-POS-0daf6b7e-10,Chloroacetamide,5RFP
348,Mpro-x0752_0A,Mpro-x0752,CC(=O)NCc1ccc2OCOc2c1,CC(=O)NCc1ccc2OCOc2c1,AAR-POS-d2a4d1df-31,Chloroacetamide,5REO
349,Mpro-x0692_0A,Mpro-x0692,Cc1cccc(CN2CCN(CC2)C(=O)C)c1,Cc1cccc(CN2CCN(CC2)C(=O)C)c1,AAR-POS-d2a4d1df-24,Chloroacetamide,5REL
350,Mpro-P0851_0A,Mpro-P0851,NC(=O)N1CC(C(=O)NC=2C=NC=C3C=CC=CC23)C=4C=C(Cl)C=CC4C1,,MAT-POS-dd3ad2b5-3,Isoquinoline,
351,Mpro-P0056_0B,Mpro-P0056,NC(=O)N1CCC(C(=O)NC=2C=NC=C3C=CC=CC23)C=4C=C(Cl)C=CC14,,RAL-THA-4aa06b95-1,Isoquinoline,
353,Mpro-P0025_0A,Mpro-P0025,ClC=1C=CC=C(CC(=O)NC=2C=NC=C3C=CC=CC23)N1,,MAT-POS-afd4d4fd-2,Isoquinoline,
354,Mpro-P2010_0A,Mpro-P2010,ClC=1C=CC=C(CC(=O)NC=2C=NC=C3N=CC=CC23)C1,,MIC-UNK-08cd9c58-1,Isoquinoline,
355,Mpro-P2011_0A,Mpro-P2011,ClC=1C=CC=C(CC(=O)NN2N=NC=3C=CC=CC23)C1,,MAT-POS-bfb445d4-2,Benzotriazole,
356,Mpro-P0851_0B,Mpro-P0851,NC(=O)N1CC(C(=O)NC=2C=NC=C3C=CC=CC23)C=4C=C(Cl)C=CC4C1,,MAT-POS-dd3ad2b5-3,Isoquinoline,
357,Mpro-x11513_0A,Mpro-x11513,CC=1C=CN=CC1NC(=O)CCC=2C=CC=C(Cl)C2,,ALP-POS-f13221e1-4,Aminopyridine-like,
358,Mpro-x11426_0A,Mpro-x11426,OC(CC=1C=CC=C(Cl)C1)CN2C=NC=N2,,JAG-UCB-cedd89ab-2,Aminopyridine-like,
359,Mpro-P0018_0B,Mpro-P0018,ClC=1C=CC=C(C1)N2CCN(CC2=O)C(=O)C=3C=NC=C4C=CC=CC34,,ERI-UCB-d6de1f3c-2,Isoquinoline,
361,Mpro-x10082_0A,Mpro-x10082,CC(C)(C)NC(=O)[C@@H](Nc1ccc(CCC#N)cc1)c1cccnc1,CC(C)(C)NC(=O)[C@@H](Nc1ccc(CCC#N)cc1)c1cccnc1,MAT-POS-c0143b99-1,Ugi,
362,Mpro-x10566_0A,Mpro-x10566,CC=1C=CN=CC1NC(=O)CC=2C=CC=C(C2)C3CC3,,ALP-POS-95b75b4d-4,Aminopyridine-like,
363,Mpro-P0996_0A,Mpro-P0996,ClC=1C=CC=2CN(CC(C(=O)NC=3C=NC=C4C=CC=CC34)C2C1)S(=O)(=O)C5=NC=CN5,,MAT-POS-4223bc15-30,Isoquinoline,
364,Mpro-x0771_0A,Mpro-x0771,CC(=O)N1CCN(CC1)S(=O)(=O)c1ccc(C)cc1C,CC(=O)N1CCN(CC1)S(=O)(=O)c1ccc(C)cc1C,AAR-POS-d2a4d1df-36,Chloroacetamide,5RGP
365,Mpro-x12699_0A,Mpro-x12699,COC1(CCOC=2C=CC(Cl)=CC21)C(=O)NC=3C=NC=C4C=CC=CC34,,EDG-MED-0e5afe9d-3,Isoquinoline,
366,Mpro-x2705_0A,Mpro-x2705,CCC(=O)N(C(C(=O)NC1=C(CC)C=CC=C1C)C1=CN=CC=C1)C1=CC(=NN1)C(C)(C)C,CCC(=O)N(C(C(=O)NC1=C(CC)C=CC=C1C)C1=CN=CC=C1)C1=CC(=NN1)C(C)(C)C,LON-WEI-b8d98729-20,Ugi,5RH7
367,Mpro-P0148_0A,Mpro-P0148,CC(=O)N1CC[C@@H](C(=O)NC=2C=NC=C3C=CC=CC23)C=4C=C(Cl)C=CC14,,EDG-MED-5d232de5-3,Isoquinoline,
368,Mpro-x10423_0A,Mpro-x10423,CCCC(C(=O)NC=1C=NC=CC1C)C=2C=CC=C(Cl)C2,,JAN-GHE-83b26c96-8,Aminopyridine-like,
369,Mpro-P0805_0A,Mpro-P0805,ClC=1C=CC=2OCCC(CC(=O)N3CCCC3CN4C=CN=C4)(C(=O)NC=5C=NC=C6C=CC=CC56)C2C1,,EDG-MED-ba1ac7b9-21,Isoquinoline,
370,Mpro-x3077_0A,Mpro-x3077,CC(=O)N1CC2CC1CN2CC1=CC(Cl)=CC=C1,CC(=O)N1CC2CC1CN2CC1=CC(Cl)=CC=C1,DAN-LON-a5fc619e-8,Chloroacetamide,
371,Mpro-x12587_0A,Mpro-x12587,ClC=1C=CC=C(C1)C2CCCN(C2=O)C=3C=NC=C4C=CC=CC34,,PET-UNK-c9c1e0d8-3,Isoquinoline,
373,Mpro-P0038_0A,Mpro-P0038,COC1(CCOC=2C=CC(Cl)=CC21)C(=O)NC=3C=NC=C4C=CC=CC34,,EDG-MED-0e5afe9d-3,Isoquinoline,
374,Mpro-x11458_0A,Mpro-x11458,O=C(CC=1C=CC=C(C#C)C1)NC=2C=NC=C3C=CC=CC23,,PET-UNK-c9c1e0d8-2,Isoquinoline,
375,Mpro-P0124_0A,Mpro-P0124,CS(=O)(=O)C=1C=CC=2C=NC=C(NC(=O)C3CCOC=4C=CC(Cl)=CC34)C2C1,,BEN-DND-c852c98b-5,Isoquinoline,
376,Mpro-x12715_0A,Mpro-x12715,CN1C=NC=2C=NC=C(NC(=O)C3CCOC=4C=CC(Cl)=CC34)C12,,MAT-POS-2bb0cf2b-2,Isoquinoline,
377,Mpro-x0464_0A,Mpro-x0464,CC1C(O)CCCN1CC=2C=CC=CC2,,MAK-UNK-6435e6c2-9,XChem screen - surface,5REE
378,Mpro-P0808_0A,Mpro-P0808,CC(=O)N1CC(C(=O)NC=2C=NC=C3C=CC=CC23)C=4C=C(Cl)C=CC4C1,,MAT-POS-dd3ad2b5-2,Isoquinoline,
379,Mpro-P0025_1B,Mpro-P0025,ClC=1C=CC=C(CC(=O)NC=2C=NC=C3C=CC=CC23)N1,,MAT-POS-afd4d4fd-2,Isoquinoline,
380,Mpro-x12677_0A,Mpro-x12677,ClC=1C=CC=C(CC(=O)NC=2C=NC=C3C=CC=CC23)N1,,MAT-POS-afd4d4fd-2,Isoquinoline,
381,Mpro-P0148_0B,Mpro-P0148,CC(=O)N1CC[C@@H](C(=O)NC=2C=NC=C3C=CC=CC23)C=4C=C(Cl)C=CC14,,EDG-MED-5d232de5-3,Isoquinoline,
382,Mpro-x11831_0A,Mpro-x11831,ClC=1C=C2CCOC2=C(CC(=O)NC=3C=NC=C4C=CC=CC34)C1,,MAT-POS-bbbbc21a-3,Isoquinoline,
383,Mpro-x10959_0A,Mpro-x10959,ClC=1C=CC=C(CC(=O)NC=2C=NC=C3C=CC=CC23)C1,,ADA-UCB-6c2cb422-1,Isoquinoline,
384,Mpro-x12692_0A,Mpro-x12692,ClC=1C=CC=2NCC[C@@H](C(=O)NC=3C=NC=C4C=CC=CC34)C2C1,CCC(=O)N(C(=O)[C@@H]1CCOC2=C1C=C(Cl)C=C2)C1=C2C=CC=CC2=CN=C1,EDJ-MED-92e193ae-1,Isoquinoline,
385,Mpro-x11757_0A,Mpro-x11757,COC=1C=CC=2N=NN(CC(=O)N(CC=3C=CC=CN3)C=4C=CC(=CC4)C5CCNCC5)C2C1,,ALP-POS-c0c213c9-1,Benzotriazole,
386,Mpro-P0135_0B,Mpro-P0135,COC(C(=O)NC=1C=NC=C2C=CC=CC12)C=3C=CC(Cl)=C(Cl)C3,,MAT-POS-de59a476-2,Isoquinoline,
387,Mpro-x2569_0A,Mpro-x2569,O=C(CC=1C=NC=C(C#N)C1)NC=2C=CC=NC2,,DAR-DIA-23aa0b97-17,Aminopyridine-like,5RGW
388,Mpro-P0135_0A,Mpro-P0135,COC(C(=O)NC=1C=NC=C2C=CC=CC12)C=3C=CC(Cl)=C(Cl)C3,,MAT-POS-de59a476-2,Isoquinoline,
389,Mpro-x10606_0A,Mpro-x10606,CC=1C=CN=CC1NS(=O)(=O)C=2C=CC=C(Cl)C2,,JAN-GHE-83b26c96-21,Aminopyridine-like,
390,Mpro-x1386_0A,Mpro-x1386,CC(=O)N1CCN(Cc2ccsc2)CC1,CC(=O)N1CCN(Cc2ccsc2)CC1,LON-WEI-8f408cad-7,Chloroacetamide,5RFS
391,Mpro-x3115_0A,Mpro-x3115,CCC(N(C(C(NCCOC)=O)c1cnccc1)c1ccc(C(C)(C)C)cc1)=O,CCC(N(C(C(NCCOC)=O)c1cnccc1)c1ccc(C(C)(C)C)cc1)=O,LON-WEI-adc59df6-26,Ugi,5RL2
392,Mpro-P0063_0B,Mpro-P0063,ClC=1C=CC(CC(=O)NC=2C=NC=C3C=CC=CC23)=NC1,,RAL-THA-2d450e86-33,Isoquinoline,
393,Mpro-x12659_0A,Mpro-x12659,ClC1=CC2=C(OCC[C@H]2C(=O)NC2=C3C=CN=CC3=CN=C2)C=C1,,ALP-POS-ce760d3f-2,Isoquinoline,
394,Mpro-x10377_0A,Mpro-x10377,CC(C(=O)NC=1C=NC=CC1N2C=CC=N2)C=3C=CC=C(Cl)C3,,JAN-GHE-83b26c96-3,Aminopyridine-like,
395,Mpro-P0151_0B,Mpro-P0151,CN(C)CC(=O)NCC1(CCOC=2C=CC(Cl)=CC21)C(=O)NC=3C=NC=C4C=CC=CC34,,EDG-MED-70ae9412-2,Isoquinoline,
396,Mpro-P0009_0B,Mpro-P0009,CC(C)(C)C=1C=CC(=CC1)N([C@@H](C(=O)NCCC=2C=CC=C(F)C2)C=3C=CC=NC3)C(=O)C4=CC=CO4,,MAT-POS-f2460aef-1,Ugi,
397,Mpro-P0145_0B,Mpro-P0145,CC=1C=CN=CC1NC(=O)C2CCOC=3C=CC(Cl)=CC23,,BRU-CON-c4e3408a-1,Aminopyridine-like,
398,Mpro-x11254_0A,Mpro-x11254,COC1=C(OC)C=C(CN2C(=O)C(O)C3=C2C(C)=CC(Br)=C3)C=C1,COC1=C(OC)C=C(CN2C(=O)C(O)C3=C2C(C)=CC(Br)=C3)C=C1,LOR-NOR-30067bb9-7,Isatin,
399,Mpro-P0811_0B,Mpro-P0811,ClC=1C=CC=2OCCC3(CCCN(C3=O)C=4C=NC=C5C=CC=CC45)C2C1,,ALP-POS-477dc5b7-5,Spirocycle,
400,Mpro-P0607_0A,Mpro-P0607,FC=1C=C2OCC[C@@H](C(=O)NC=3C=NC=C4C=CC=CC34)C2=CC1Cl,,MAT-POS-a13804f0-3,Isoquinoline,
401,Mpro-x2908_0A,Mpro-x2908,CC=1C=CN=CC1NC(=O)NC=2C=CC=C(Cl)C2,,TRY-UNI-714a760b-12,Aminopyridine-like,
402,Mpro-x0107_0A,Mpro-x0107,CC(=O)NC=1C=NC=CC1C,,MAK-UNK-6435e6c2-8,Aminopyridine-like,5RE4
403,Mpro-x11742_0A,Mpro-x11742,ClC=1C=CC=C(CC(=O)NC=2C=NC=C3N=CNC23)C1,,MAT-POS-f7918075-8,Isoquinoline,
405,Mpro-P0111_0B,Mpro-P0111,ClC=1C=C(Cl)C=2OCCC(C(=O)NC=3C=NC=C4C=CC=CC34)C2C1,,ALP-UNI-3735e77e-2,Isoquinoline,
406,Mpro-z7l10_0A,Mpro-z7l10,NCC1CCCCC1C1CC(C2CC(Cl)CC(Cl)C2)C(O)N(C2CCCNC2)C1,,Cmpd4,PDB,7L10
407,Mpro-P0153_0A,Mpro-P0153,ClC=1C=CC(CC(=O)NC=2C=NC=C3C=NC=CC23)=CC1Cl,,VLA-UNK-82501c2c-1,Isoquinoline,
408,Mpro-P0764_0A,Mpro-P0764,ClC=1C=C(CC(=O)NC=2C=NC=C3C=CC=CC23)C=C(C1)N4CCN(CC4)C(=O)C5=CC=CO5,,LON-WEI-9739a092-6,Isoquinoline,
409,Mpro-x12710_0A,Mpro-x12710,CN1CCC(C(=O)NC=2C=NC=C3C=CC=CC23)C=4C=C(Cl)C=CC14,,MIC-UNK-91acba05-6,Isoquinoline,
410,Mpro-P0978_0A,Mpro-P0978,CO[C@]1(CCOC=2C=CC(Cl)=CC21)C(=O)NC=3C=NC=C4C=CC(F)=CC34,,EDJ-MED-611d11e7-4,Isoquinoline,
411,Mpro-x1402_0A,Mpro-x1402,CC(=O)N1CCN(CC1)S(=O)(=O)c2ccc(Cl)s2,CC(=O)N1CCN(CC1)S(=O)(=O)c2ccc(Cl)s2,AAR-POS-0daf6b7e-15,Chloroacetamide,5RFU
412,Mpro-x0887_0A,Mpro-x0887,OCC1(C2=NC=CC=C2)CCCC1,,AAR-POS-0daf6b7e-22,XChem screen - dimer interface,5RF0
413,Mpro-x0946_0A,Mpro-x0946,BrC1=CC=C(S(N)(=O)=O)C=C1,,AAR-POS-d2a4d1df-15,XChem Screen - active site,5RF1
414,Mpro-P0098_0B,Mpro-P0098,NC(C(=O)NC=1C=NC=C2C=CC=CC12)C=3C=CC(Cl)=C(Cl)C3,,MAT-POS-1f3f1a6f-1,Isoquinoline,
415,Mpro-x12423_0A,Mpro-x12423,CN(C)C=1C=CC(=CC1)N(CC=2C=CC=C(Cl)C2)C(=O)CN3N=NC=4C=CC=CC34,,ALP-POS-6d04362c-2,Benzotriazole,
417,Mpro-x1348_0A,Mpro-x1348,COc1cccc2sc(NC(=O)C)nc12,COc1cccc2sc(NC(=O)C)nc12,AAR-POS-0daf6b7e-4,Chloroacetamide,5RFJ
418,Mpro-x2649_0A,Mpro-x2649,CC(C(=O)NC=1C=NC=CC1C)C=2C=CC=C(Cl)C2,,TRY-UNI-714a760b-18,Aminopyridine-like,5RH3
419,Mpro-x1119_0A,Mpro-x1119,NC=1C=CC(=CC1)S(=O)(=O)NC=2C=CC=CN2,,AAR-POS-0daf6b7e-42,XChem Screen - xtal contact,5RF8
421,Mpro-x2910_0A,Mpro-x2910,COC=1C=CC=CC1OCCNC(=O)C2=CC(=O)NC=3C=CC=CC23,,MAT-POS-916a2c5a-2,Quinolone,
422,Mpro-P1062_0B,Mpro-P1062,CC1CCN(C1)S(=O)(=O)N2CC(C(=O)NC=3C=NC=C4C=CC=CC34)C=5C=C(Cl)C=CC5C2,,MAT-POS-4223bc15-11,Isoquinoline,
423,Mpro-x0195_0A,Mpro-x0195,CN1CCCC=2C=CC(=CC12)S(=O)(=O)N,,AAR-POS-d2a4d1df-4,XChem Screen - active site,5R81
424,Mpro-P1062_0A,Mpro-P1062,CC1CCN(C1)S(=O)(=O)N2CC(C(=O)NC=3C=NC=C4C=CC=CC34)C=5C=C(Cl)C=CC5C2,,MAT-POS-4223bc15-11,Isoquinoline,
425,Mpro-P0154_0B,Mpro-P0154,ClC=1C=CC=2OCCC(CNC(=O)CN3C=CN=C3)(C(=O)NC=4C=NC=C5C=CC=CC45)C2C1,,EDG-MED-70ae9412-1,Isoquinoline,
426,Mpro-x10856_0A,Mpro-x10856,COC=1C=CC(Br)=CC1C(N)C(=O)NC=2C=NC=CC2C,,BAR-COM-0f94fc3d-58,Aminopyridine-like,
427,Mpro-x10247_0A,Mpro-x10247,CC=1C=CN=CC1NC(=O)CC=2C=CC=C(C2)C(F)(F)F,,JAN-GHE-83b26c96-14,Aminopyridine-like,
428,Mpro-P2017_0A,Mpro-P2017,ClC=1C=CC=2CN(CC(C(=O)NC=3C=NC=C4C=CC=CC34)C2C1)S(=O)(=O)CC5(CCC5)C#N,,MAT-POS-4223bc15-12,Isoquinoline,
429,Mpro-P0039_0A,Mpro-P0039,NC[C@]1(CCOC=2C=CC(Cl)=CC21)C(=O)NC=3C=NC=C4C=CC=CC34,NC[C@]1(CCOC=2C=CC(Cl)=CC21)C(=O)NC=3C=NC=C4C=CC=CC34,EDG-MED-971238d3-5,Isoquinoline,
430,Mpro-P0151_0A,Mpro-P0151,CN(C)CC(=O)NCC1(CCOC=2C=CC(Cl)=CC21)C(=O)NC=3C=NC=C4C=CC=CC34,,EDG-MED-70ae9412-2,Isoquinoline,
431,Mpro-x2971_0A,Mpro-x2971,CS(=O)(=O)NCCC1CCCCN1CC(=O)NC=2C=CC=NC2,,BEN-DND-362d364a-10,Aminopyridine-like,
432,Mpro-x11548_0A,Mpro-x11548,ClC=1C=CC=C(CC(=O)NC=2C=NC=C3N=CC=CC23)C1,,MIC-UNK-08cd9c58-1,Isoquinoline,
433,Mpro-x11164_0A,Mpro-x11164,CN1C=CC(CN(C(=O)CC=2C=CC=NC2)C=3C=CC(=CC3)C=4C=CC=CN4)=N1,,ALP-POS-c0c213c9-14,Aminopyridine-like,
434,Mpro-x11208_0A,Mpro-x11208,CC1=CC(COC(=O)C2=C3NC(=O)C(O)C3=CC=C2)=CC=C1,CC1=CC(COC(=O)C2=C3NC(=O)C(O)C3=CC=C2)=CC=C1,LOR-NOR-30067bb9-2,Isatin,
435,Mpro-P0394_0A,Mpro-P0394,CCS(N(CC1)CCN1c1cc(CC(Nc2cncc3ccccc23)=O)cc(Cl)c1)(=O)=O,,LON-WEI-9739a092-9 ,Isoquinoline,
436,Mpro-x1358_0A,Mpro-x1358,Oc1ccccc1NC(=O)C2CCN(CC2)C(=O)C,Oc1ccccc1NC(=O)C2CCN(CC2)C(=O)C,AAR-POS-0daf6b7e-6,Chloroacetamide,5RFL
437,Mpro-x0395_0A,Mpro-x0395,CC1=NN=C(CN2CCC=C(F)C2)S1,,AAR-POS-d2a4d1df-8,XChem Screen - active site,5RGH
438,Mpro-x11011_0A,Mpro-x11011,CC=1C=CN=CC1CC(=O)NC=2C=CC=C(Cl)C2,,EDJ-MED-49816e9b-1,Aminopyridine-like,
439,Mpro-x1308_0A,Mpro-x1308,CC(=O)N1CCN(CC1)S(=O)(=O)c2ccc(Cl)cc2,CC(=O)N1CCN(CC1)S(=O)(=O)c2ccc(Cl)cc2,AAR-POS-d2a4d1df-44,Chloroacetamide,5RFF
440,Mpro-P1990_0B,Mpro-P1990,CN(CCC#N)S(=O)(=O)N1CC(C(=O)NC=2C=NC=C3C=CC=CC23)C=4C=C(Cl)C=CC4C1,,MAT-POS-5cd9ea36-21,Isoquinoline,
441,Mpro-z2zu2_1A,Mpro-z2zu2,C[C@H](O)CC(C)(C)O,,HCoV-229E,SARS-CoV-2 Mpro homologues,2ZU2
443,Mpro-z7kvl_0A,Mpro-z7kvl,NC(O)C1CCNC(Cl)C1,,,PDB,7KVL
444,Mpro-x11798_0A,Mpro-x11798,CNC(=O)NC=1C=CC(=CC1)N(CC=2C=CSC2)C(=O)CN3N=NC=4C=CC=CC34,,ROB-IMP-e811baff-1,Benzotriazole,
445,Mpro-P1800_0B,Mpro-P1800,ClC=1C=CC=2OCC[C@]3(CC(=O)N(C3=O)C=4C=NC=C5C=CC=CC45)C2C1,,VLA-UCB-50c39ae8-2,Spirocycle,
446,Mpro-P1783_0A,Mpro-P1783,CNS(=O)(=O)C=1C=CC=2C(NC(=O)C3(CCOC=4C=CC(Cl)=CC43)OC)=CN=CC2C1,,EDJ-MED-6bf93aa8-1,Isoquinoline,
447,Mpro-x2540_0A,Mpro-x2540,CCC(=O)N(C(C(=O)NC(C)(C)C)C1=CN=CC=C1)C1=NOC(=C1)C(C)(C)C,CCC(=O)N(C(C(=O)NC(C)(C)C)C1=CN=CC=C1)C1=NOC(=C1)C(C)(C)C,LON-WEI-b8d98729-23,Ugi,5RGT
448,Mpro-P0978_0B,Mpro-P0978,CO[C@]1(CCOC=2C=CC(Cl)=CC21)C(=O)NC=3C=NC=C4C=CC(F)=CC34,,EDJ-MED-611d11e7-4,Isoquinoline,
449,Mpro-x1163_0A,Mpro-x1163,OCC1CN(CC=2C=CC=CC2)CCO1,,AAR-POS-0daf6b7e-30,XChem Screen - xtal contact,5RGS
450,Mpro-x12716_0A,Mpro-x12716,Cl.Cl.NC[C@]1(CCOC=2C=CC(Cl)=CC21)C(=O)NC=3C=NC=C4C=CC=CC34,NC[C@]1(CCOC=2C=CC(Cl)=CC21)C(=O)NC=3C=NC=C4C=CC=CC34,EDG-MED-971238d3-5,Isoquinoline,
451,Mpro-x11317_0A,Mpro-x11317,CC=1C(N)=CN=CC1NC(=O)CC=2C=CC=C(Cl)C2,,TRY-UNI-714a760b-3,Aminopyridine-like,
452,Mpro-P0060_0A,Mpro-P0060,ClC=1C=CC=2NC(=O)CC(C(=O)NC=3C=NC=C4C=CC=CC34)C2C1,,MIC-UNK-45817b9b-1,Isoquinoline,
453,Mpro-P0764_0B,Mpro-P0764,ClC=1C=C(CC(=O)NC=2C=NC=C3C=CC=CC23)C=C(C1)N4CCN(CC4)C(=O)C5=CC=CO5,,LON-WEI-9739a092-6,Isoquinoline,
454,Mpro-x12740_0A,Mpro-x12740,CC1CCN(CC(=O)NC=2C=NC=CC2C)CC1,,EDJ-MED-3c65e9ce-4,Aminopyridine-like,
455,Mpro-x0336_0A,Mpro-x0336,CC(=O)NCC=1C=CC(=CC1)S(=O)(=O)N,,AAR-POS-0daf6b7e-45,XChem Screen - xtal contact,5RE7
456,Mpro-z4ylu_0B,Mpro-z4ylu,CCC(O)NC1CCC(N(C[C@@H]2CCSC2)C(O)CN2NNC3CCCCC32)CC1,,MERS-CoV,SARS-CoV-2 Mpro homologues,4YLU
457,Mpro-x12661_0A,Mpro-x12661,O=C(CC=1C=NC=C2C=CC=CC12)N(CCC3CCCCC3)CC4=CC=CS4,,ALP-POS-64a710fa-1,Isoquinoline,
458,Mpro-P1661_0A,Mpro-P1661,COC1(CCOC=2C=CC(Cl)=CC21)C(=O)NC=3C=NC=C4C=CC(NS(=O)(=O)C)=CC34,,EDG-MED-10fcb19e-1,Isoquinoline,
459,Mpro-P1991_0A,Mpro-P1991,CCN(C)S(=O)(=O)N1CC(C(=O)NC=2C=NC=C3C=CC=CC23)C=4C=C(Cl)C=CC4C1,,MAT-POS-5cd9ea36-16,Isoquinoline,
460,Mpro-P0884_0A,Mpro-P0884,ClC=1C=C2NCCC(C(=O)NC=3C=NC=CC3C4CC4)C2=CC1Cl,,ALP-UNI-8d415491-1,Aminopyridine-like,
461,Mpro-P0642_0A,Mpro-P0642,ClC=1C=CC=2OCCC(CC(=O)N3CCCCC3C=4C=NNC4)(C(=O)NC=5C=NC=C6C=CC=CC56)C2C1,,EDG-MED-ba1ac7b9-11,Isoquinoline,
462,Mpro-x10535_0A,Mpro-x10535,Cl.ClC=1C=CC=C(C1)N2C(=O)NC(C2=O)C=3C=CC=NC3,ClC=1C=CC=C(C1)N2C(=O)NC(C2=O)C=3C=CC=NC3,JAN-GHE-83b26c96-18,Aminopyridine-like,
463,Mpro-P0045_0B,Mpro-P0045,CC=1C=CN=CC1NC(=O)CC=2C=C(Cl)C=C(OC3CC(=O)N3)C2,,TRY-UNI-2eddb1ff-7,Aminopyridine-like,
464,Mpro-P1661_0B,Mpro-P1661,COC1(CCOC=2C=CC(Cl)=CC21)C(=O)NC=3C=NC=C4C=CC(NS(=O)(=O)C)=CC34,,EDG-MED-10fcb19e-1,Isoquinoline,
465,Mpro-P0630_0A,Mpro-P0630,COCC(=O)NC(C)(C(=O)NC=1C=NC=C2C=CC=CC12)C=3C=CC(Cl)=C(Cl)C3,,MAT-POS-e9e99895-11,Isoquinoline,
466,Mpro-x10417_0A,Mpro-x10417,CC=1C=CN=CC1NC(=O)CC=2C=CC=C(F)C2,,ALP-POS-95b75b4d-1,Aminopyridine-like,
467,Mpro-P0121_0A,Mpro-P0121,CC(C(=O)NC=1C=NC=C2C=CC=CC12)C=3C=CC(Cl)=C(Cl)C3,,MAT-POS-fce787c2-3,Isoquinoline,
471,Mpro-P1015_0B,Mpro-P1015,CN(C)S(=O)(=O)N1CC(C(=O)NC=2C=NC=C3C=CC=CC23)C=4C=C(Cl)C=CC4C1,,MAT-POS-4223bc15-2,Isoquinoline,
472,Mpro-x11428_0A,Mpro-x11428,CC=1C=CN=CC1NC(=O)CN2CCCCC2,,BEN-DND-93268d01-11,Aminopyridine-like,
473,Mpro-P1990_0A,Mpro-P1990,CN(CCC#N)S(=O)(=O)N1CC(C(=O)NC=2C=NC=C3C=CC=CC23)C=4C=C(Cl)C=CC4C1,,MAT-POS-5cd9ea36-21,Isoquinoline,
474,Mpro-x2754_0A,Mpro-x2754,CN(C(=O)C1CCN(CC1)C(C)=O)C1=CC=CC=C1,CN(C(=O)C1CCN(CC1)C(C)=O)C1=CC=CC=C1,LON-WEI-120e5cf5-5,Chloroacetamide,5RHF
475,Mpro-P0125_0A,Mpro-P0125,O[C@]1(CCOC=2C=CC(Cl)=CC21)C(=O)NC=3C=NC=C4C=CC=CC34,,EDG-MED-971238d3-1,Isoquinoline,
476,Mpro-P0887_0A,Mpro-P0887,CC=1C=CC=2C=NC=C(NC(=O)CC=3C=CC=C(Cl)C3)C2C1,,RUB-POS-1325a9ea-4,Isoquinoline,
479,Mpro-x1380_0A,Mpro-x1380,CC(=O)N1CCC(CC1)C(=O)N2CCCCC2,CC(=O)N1CCC(CC1)C(=O)N2CCCCC2,VIR-GIT-7b3d3065-2,Chloroacetamide,5RFO
480,Mpro-x11276_0A,Mpro-x11276,COC=1C=CC=CC1OCCNC(=O)C2=CC(=O)NC=3C=CC=C(F)C23,,EDJ-MED-6af13d92-2,Quinolone,
481,Mpro-P1800_0A,Mpro-P1800,ClC=1C=CC=2OCC[C@]3(CC(=O)N(C3=O)C=4C=NC=C5C=CC=CC45)C2C1,,VLA-UCB-50c39ae8-2,Spirocycle,
482,Mpro-P1638_0A,Mpro-P1638,COC1CN(C1)S(=O)(=O)N2CC(C(=O)NC=3C=NC=C4C=CC=CC34)C=5C=C(Cl)C=CC5C2,,EDJ-MED-1981ceba-3,Isoquinoline,
483,Mpro-P1991_0B,Mpro-P1991,CCN(C)S(=O)(=O)N1CC(C(=O)NC=2C=NC=C3C=CC=CC23)C=4C=C(Cl)C=CC4C1,,MAT-POS-5cd9ea36-16,Isoquinoline,
484,Mpro-x10387_0A,Mpro-x10387,FC=1C=C(NC(=O)CC=2C=NC=NC2)C=C(OC3CC(=O)N3)C1,,RAL-MED-2de63afb-14,Aminopyridine-like,
485,Mpro-x10604_0A,Mpro-x10604,ClC=1C=CC=C(CC(=O)NN2C=NNC2=O)C1,,JAN-GHE-5a013bed-4,Aminopyridine-like,
486,Mpro-x0831_0A,Mpro-x0831,Cc1ccccc1CN2CCCN(CC2)C(=O)C,Cc1ccccc1CN2CCCN(CC2)C(=O)C,AAR-POS-d2a4d1df-41,Chloroacetamide,5REY
487,Mpro-x10598_0A,Mpro-x10598,CC=1C=CN=CC1NC(=O)CCC=2C=CC=CC2F,,BEN-DND-93268d01-7,Aminopyridine-like,
488,Mpro-P0122_0B,Mpro-P0122,ClC=1C=CC=2N(CC3=NC=CN3)CCC(C(=O)NC=4C=NC=C5C=CC=CC45)C2C1,,RAL-THA-8416115c-5,Isoquinoline,
489,Mpro-z7d3i_0A,Mpro-z7d3i,OC1NCC[C@H]1C[C@H](N[C@H](O)[C@@H]1[C@H]2CCC[C@H]2CN1C(O)CCC1CC(F)CC(F)C1)C(O)S,,,PDB,7D3I
491,Mpro-x10049_0A,Mpro-x10049,CS(=O)(=O)NCCN1CCCC=2C=CC(=CC12)S(=O)(=O)N,,DUN-NEW-f8ce3686-14,Moonshot - active site,
493,Mpro-x3110_0A,Mpro-x3110,CCC(N(C(C(NCCC(OCC)=O)=O)c1cnccc1)c1ccc(C(C)(C)C)cc1)=O,CCC(N(C(C(NCCC(OCC)=O)=O)c1cnccc1)c1ccc(C(C)(C)C)cc1)=O,LON-WEI-adc59df6-2,Ugi,5RL0
494,Mpro-P0224_0B,Mpro-P0224,CN1C=CC(CNCC2(CCOC=3C=CC(Cl)=CC32)C(=O)NC=4C=NC=C5C=CC=CC45)=N1,CN1C=CC(CNCC2(CCOC=3C=CC(Cl)=CC32)C(=O)NC=4C=NC=C5C=CC=CC45)=N1,EDJ-MED-8c98ee63-2,Isoquinoline,
495,Mpro-x3305_0A,Mpro-x3305,CN1C=C(CNC(=O)N(CCC=2C=CC=CC2)CC=3C=CC=NC3)N=N1,,BAR-COM-4e090d3a-47,Moonshot - active site,
496,Mpro-x10862_1A,Mpro-x10862,COCC(NC(=O)CC1C(=O)NC=2C=CC(F)=CC12)C=3C=CC=C(Br)C3,,BAR-COM-0f94fc3d-3,Moonshot - active site,
497,Mpro-P0602_0A,Mpro-P0602,COC1(CCOC=2C(F)=CC(F)=CC21)C(=O)NC=3C=NC=C4C=CC=CC34,,EDJ-MED-37aac4bd-4,Isoquinoline,
498,Mpro-x1384_0A,Mpro-x1384,CC(=O)Nc1cccc(c1)N2CCCC2=O,CC(=O)Nc1cccc(c1)N2CCCC2=O,LON-WEI-8f408cad-1,Chloroacetamide,5RFQ
499,Mpro-x11542_0A,Mpro-x11542,ClC=1C=CC=C(CC(=O)NC=2C=NC=C3C=NC=CC23)C1,,MAT-POS-bb423b95-1,Isoquinoline,
500,Mpro-x0177_0A,Mpro-x0177,NC(=O)C1CCN(CC1)C(=O)NC=2C=CC=CC2,,AAR-POS-0daf6b7e-32,XChem Screen - xtal contact,5RE5
501,Mpro-x10236_0A,Mpro-x10236,ClC=1C=CC=C(C1)N(CCC2CCCCC2)C(=O)NC=3C=CC=NC3,,JOR-UNI-2fc98d0b-12,Aminopyridine-like,
502,Mpro-x2097_0A,Mpro-x2097,N=CC1=NC=CC=N1,N=CC1=NC=CC=N1,AAR-POS-f650c5f2-3,XChem Screen - Covalent hits,5RHB
503,Mpro-x10355_0A,Mpro-x10355,COC=1C=CC=CC1OCCNC(=O)C2=CC(=O)NC=3C=C(F)C=CC23,,MAT-POS-590ac91e-32,Quinolone,
504,Mpro-x3080_0A,Mpro-x3080,CN(CC(=O)NC=1C=NC=CC1C)S(=O)(=O)C=2C=CC=C3C=CC=NC23,,GAB-REV-70cc3ca5-8,Aminopyridine-like,
505,Mpro-x1478_0A,Mpro-x1478,CC(=O)Nc1cccnc1Cl,CC(=O)Nc1cccnc1Cl,AAR-POS-0daf6b7e-20,Chloroacetamide,5RFZ
506,Mpro-x11723_0A,Mpro-x11723,CC1=NOC(COC=2C=C(Cl)C=C(CC(=O)NC=3C=NC=CC3C)C2)=N1,,CHO-MSK-6e55470f-5,Aminopyridine-like,
507,Mpro-x0161_0A,Mpro-x0161,COC(=O)C=1C=CC(=CC1)S(=O)(=O)N,,MAT-POS-7dfc56d9-1,XChem Screen - active site,5R80
508,Mpro-P0047_0A,Mpro-P0047,CCC(=O)N(C(C(=O)NCCC1=CC(F)=CC=C1)C1=CN=CC=C1)C1=CC=C(C=C1)C(C)(C)C,CCC(=O)N(C(C(=O)NCCC1=CC(F)=CC=C1)C1=CN=CC=C1)C1=CC=C(C=C1)C(C)(C)C,LON-WEI-adc59df6-47,Ugi,
509,Mpro-P0098_0A,Mpro-P0098,NC(C(=O)NC=1C=NC=C2C=CC=CC12)C=3C=CC(Cl)=C(Cl)C3,,MAT-POS-1f3f1a6f-1,Isoquinoline,
510,Mpro-x10327_0A,Mpro-x10327,CC(C)C(C(=O)NC=1C=NC=CC1C)C=2C=CC=C(Cl)C2,,JAN-GHE-83b26c96-9,Aminopyridine-like,
511,Mpro-x12064_0A,Mpro-x12064,COC=1C=CC=CC1OC2CN(C2)C(=O)C3=CC(=O)NC=4C=CC=CC34,,ERI-UCB-a0b0dbcb-9,Quinolone,
512,Mpro-P1858_0A,Mpro-P1858,COC1(CCOC=2C=CC(Cl)=CC21)C(=O)NC=3C=NC=C4C=C(F)C=CC34,,ALP-POS-6f6ae286-3,Isoquinoline,
513,Mpro-x0830_0A,Mpro-x0830,CC(=O)N1CCN(Cc2cccc3ccccc23)CC1,CC(=O)N1CCN(Cc2cccc3ccccc23)CC1,MED-COV-4280ac29-31,Chloroacetamide,5REX
514,Mpro-P0057_0B,Mpro-P0057,CN(C)C=1C=CC(=NC1)N(CC=2C=CC=C(Cl)C2)C(=O)CC=3C=NC=C4C=CC=CC34,,MAT-POS-6c284e65-1,Isoquinoline,
515,Mpro-P0240_0B,Mpro-P0240,ClC=1C=CC=2CNCC(C(=O)NC=3C=NC=C4C=CC=CC34)C2C1,,BEN-DND-f2e727cd-5,Isoquinoline,
516,Mpro-x2643_0A,Mpro-x2643,ClC1=CC=C(CC(=O)NC=2C=CC=NC2)S1,,DAR-DIA-842b4336-13,Aminopyridine-like,5RH1
518,Mpro-P0026_0A,Mpro-P0026,ClC=1C=CC=2OCCC(C(=O)NC3CCNC(=O)C3)C2C1,,ALP-POS-8b8a49e1-4,Moonshot - active site,
519,Mpro-x2694_0A,Mpro-x2694,CCC(=O)N(C(C(=O)NC1=C(C)C=C(OC)C=C1)C1=CN=CC=C1)C1=NOC(=C1)C(C)(C)C,CCC(=O)N(C(C(=O)NC1=C(C)C=C(OC)C=C1)C1=CN=CC=C1)C1=NOC(=C1)C(C)(C)C,LON-WEI-b8d98729-43,Ugi,5RH5
520,Mpro-x10392_0A,Mpro-x10392,CC=1C=CN=CC1NC(=O)C2(CC2)C=3C=CC=C(Cl)C3,,JAN-GHE-83b26c96-20,Aminopyridine-like,
521,Mpro-P0213_0B,Mpro-P0213,CCC(=O)N(C(=O)C1COC2=C1C=C(Cl)C=C2)C1=C2C=CC=CC2=CN=C1,,MAT-POS-e69ad64a-2,Isoquinoline,
522,Mpro-x10812_0A,Mpro-x10812,O=CC1=C2C=CNC2=CC=C1,O=CC1=C2C=CNC2=CC=C1,ALP-POS-c59291d4-5,Moonshot - active site,
523,Mpro-x12419_0A,Mpro-x12419,CN(C)C=1C=CC(=CC1)N(CC=2C=CC=CC2)C(=O)CN3N=NC=4C=CC=CC34,,ALP-POS-6d04362c-1,Benzotriazole,
524,Mpro-x0478_0A,Mpro-x0478,COC(=O)C=1C=CC=C(NS(=O)(=O)C)C1,,MAK-UNK-6435e6c2-7,XChem Screen - xtal contact,5REF
525,Mpro-P0600_0A,Mpro-P0600,ClC=1C=CC(=CC1Cl)C2CCCN(C2=O)C=3C=NC=C4C=CC=CC34,,ALP-UNI-3735e77e-1,Isoquinoline,
526,Mpro-P0022_0B,Mpro-P0022,ClC=1C=CC=2OCCC3(NC(=O)N(C3=O)C=4C=NC=C5C=CC=CC45)C2C1,,VLA-UCB-29506327-1,Spirocycle,
527,Mpro-P0097_1A,Mpro-P0097,CN(C)C(=O)CC1(CCOC=2C=CC(Cl)=CC21)C(=O)NC=3C=NC=C4C=CC=CC34,,MAT-POS-5d65ec79-1,Moonshot - other,
528,Mpro-x3108_0A,Mpro-x3108,CC=1C=CN=CC1NC(=O)CNC(=O)CC=2C=CC=NC2,,GAB-REV-70cc3ca5-13,Aminopyridine-like,
529,Mpro-x10906_0A,Mpro-x10906,ClC=1C=CC=2OCC[C@H](C(=O)NC3=NN=CN3C4CC4)C2C1,,MAT-POS-968e8d9c-1,Aminopyridine-like,
530,Mpro-x11372_0A,Mpro-x11372,CC(C(=O)NC=1C=NC=CC1NC(=O)C)C=2C=CC=C(Cl)C2,,JAN-GHE-83b26c96-2,Aminopyridine-like,
531,Mpro-P1015_0A,Mpro-P1015,CN(C)S(=O)(=O)N1CC(C(=O)NC=2C=NC=C3C=CC=CC23)C=4C=C(Cl)C=CC4C1,,MAT-POS-4223bc15-2,Isoquinoline,
532,Mpro-P0016_0B,Mpro-P0016,O=C(CC=1C=NC=C2C=CC=CC12)N(CCC3CCCCC3)CC4=CC=CS4,,ALP-POS-64a710fa-1,Isoquinoline,
533,Mpro-P0091_0A,Mpro-P0091,ClC=1C=CC=2N(CC3=NC=NN3)CCC(C(=O)NC=4C=NC=C5C=CC=CC45)C2C1,,RAL-THA-8416115c-13,Isoquinoline,
534,Mpro-P1624_0A,Mpro-P1624,ClC=1C=CC=2CN(CC(C(=O)NC=3C=NC=C4C=CC=CC34)C2C1)S(=O)(=O)N5CCC5,,EDJ-MED-1981ceba-2,Isoquinoline,
535,Mpro-x11540_0A,Mpro-x11540,CC1=NNC=C1CC(=O)NC=2C=CC=C(Cl)C2,,MIC-UNK-66895286-3,Aminopyridine-like,
536,Mpro-P0065_0B,Mpro-P0065,CC=1C=CC=C(CC(=O)NC=2C=NC=C3C=CC=CC23)C1,,RAL-THA-2d450e86-13,Isoquinoline,
537,Mpro-x10800_0A,Mpro-x10800,O=C(NC=1C=CC=NC1)NC2(CC=3C=CC=CC3)CCOCC2,,NAU-LAT-445f63e5-6,Aminopyridine-like,
538,Mpro-x11790_0A,Mpro-x11790,CN(C)C=1C=CC(=CC1)N(CC=2C=CSC2)C(=O)CC=3C=NC=C4C=CC=CC34,,PET-UNK-1901c25b-1,Isoquinoline,
539,Mpro-P0097_0A,Mpro-P0097,CN(C)C(=O)CC1(CCOC=2C=CC(Cl)=CC21)C(=O)NC=3C=NC=C4C=CC=CC34,,MAT-POS-5d65ec79-1,Isoquinoline,
540,Mpro-x2912_0A,Mpro-x2912,CC(C(=O)NC=1C=NC=CC1C)C=2C=CC=C(C#N)C2,,TRY-UNI-714a760b-22,Aminopyridine-like,
541,Mpro-x2929_0A,Mpro-x2929,NC(=O)[C@@H]1CN(Cc2cccnc2)C[C@H]1c1ccccc1,,DUN-NEW-d8381160-1,Moonshot - other,
542,Mpro-x2119_0A,Mpro-x2119,N=CC1=NC=CN1,N=CC1=NC=CN1,AAR-POS-f650c5f2-2,XChem Screen - Covalent hits,5RHC
543,Mpro-x1425_0A,Mpro-x1425,COc1ccc(cc1)N2CCN(CC2)C(=O)C,COc1ccc(cc1)N2CCN(CC2)C(=O)C,AAR-POS-0daf6b7e-18,Chloroacetamide,5RFX
544,Mpro-x2659_0A,Mpro-x2659,CC(C(=O)O)C=1C=CC2=C(C1)NC=3C=CC(Cl)=CC32,,MAK-UNK-0d6072ac-4,Moonshot - other,5RH4
545,Mpro-P0016_0A,Mpro-P0016,O=C(CC=1C=NC=C2C=CC=CC12)N(CCC3CCCCC3)CC4=CC=CS4,,ALP-POS-64a710fa-1,Isoquinoline,
546,Mpro-x12073_0A,Mpro-x12073,C[C@@H]1COC2=C(C=C(Cl)C=C2)[C@@H]1C(=O)NC1=C2C=CC=CC2=CN=C1,,MAT-POS-8a69d52e-7,Isoquinoline,
547,Mpro-x2779_0A,Mpro-x2779,CC(=O)N1CCN(CC2=CC=CS2)CC1,CC(=O)N1CCN(CC2=CC=CS2)CC1,LON-WEI-8f408cad-5,Chloroacetamide,5RHA
548,Mpro-z7lfp_0A,Mpro-z7lfp,CC(C)NC(O)NC1CCCCC1,,,PDB,7LFP
549,Mpro-x11564_0A,Mpro-x11564,CC=1C=CC(=C(F)C1F)C=2C=C(Cl)C=C(CC(=O)NC=3C=NC=CC3C)C2,,MAT-POS-f42f3716-6,Aminopyridine-like,
550,Mpro-x1392_0A,Mpro-x1392,CC(=O)N1CC(c2ccccc2)c3ccccc3C1,CC(=O)N1CC(c2ccccc2)c3ccccc3C1,AAR-POS-0daf6b7e-14,Chloroacetamide,5RFT
551,Mpro-P0091_0B,Mpro-P0091,ClC=1C=CC=2N(CC3=NC=NN3)CCC(C(=O)NC=4C=NC=C5C=CC=CC45)C2C1,,RAL-THA-8416115c-13,Isoquinoline,
552,Mpro-P0179_0A,Mpro-P0179,CCC(=O)N(C(=O)[C@@H]1CCOC2=C1C=C(Cl)C=C2)C1=C2C=CC=CC2=CN=C1,,VLA-UCB-50c39ae8-7,Isoquinoline,
553,Mpro-x11424_0A,Mpro-x11424,ClC=1C=CC=C(CC(=O)NC=2C=CC=C3NN=CC23)C1,,VLA-UCB-00f2c2b3-7,Benzotriazole,
554,Mpro-x11231_0A,Mpro-x11231,ClC=1C=CC=2OCC(C(=O)NC3=NN=CN3C=4C=CC=CC4)C2C1,,NAU-LAT-8502cac5-6,Aminopyridine-like,
555,Mpro-P0031_0B,Mpro-P0031,ClC=1C=CC=2OCCC(C(=O)NC=3C=NC=C4CCNCC34)C2C1,,BEN-DND-c852c98b-10,Isoquinoline,
556,Mpro-z7l11_0A,Mpro-z7l11,CCCOC1CC(Cl)CC(C2C[C@@H](C3CCCCC3CN)CN(C3CCCNC3)C2O)C1,,Cmpd5,PDB,7L11
557,Mpro-x0350_0A,Mpro-x0350,FC=1C=CC=C(CNCC2=CC=CO2)C1,,AAR-POS-0daf6b7e-36,XChem Screen - xtal contact,5RE8
558,Mpro-x10422_0A,Mpro-x10422,CC=1C=CN=CC1NC(=O)C(C)(C)C=2C=CC=C(Cl)C2,,JAN-GHE-83b26c96-22,Aminopyridine-like,
559,Mpro-P1200_0A,Mpro-P1200,COC(=O)NCC1(CCOC=2C=CC(Cl)=CC21)C(=O)NC=3C=NC=C4C=CC=CC34,,MAT-POS-e6dd326d-6,Isoquinoline,
560,Mpro-x10338_0A,Mpro-x10338,OCC=1C=CN=CC1NC(=O)C2COC=3C=CC(Cl)=CC23,,JAG-UCB-a3ef7265-3,Aminopyridine-like,
562,Mpro-P0066_0A,Mpro-P0066,O=C(CC=1C=CC=CC1)NC=2C=NC=C3C=CC=CC23,,RAL-THA-2d450e86-1,Isoquinoline,
563,Mpro-P0064_0B,Mpro-P0064,FC=1C=CC=C(CC(=O)NC=2C=NC=C3C=CC=CC23)C1,,RAL-THA-2d450e86-10,Isoquinoline,
564,Mpro-P0129_0A,Mpro-P0129,CNC(C(=O)NC=1C=NC=C2C=CC=CC12)C=3C=CC(Cl)=C(Cl)C3,,MAT-POS-fce787c2-5,Isoquinoline,
565,Mpro-x2646_0A,Mpro-x2646,CC=1C=CN=CC1NC(=O)CC=2C=CC=C(Cl)C2,,TRY-UNI-714a760b-6,Aminopyridine-like,5RH2
566,Mpro-P0130_0A,Mpro-P0130,FC=1C=C2OCCC(C(=O)NC=3C=NC=C4C=CC=CC34)C2=CC1Cl,,RAL-THA-05e671eb-10,Isoquinoline,
567,Mpro-P0075_0A,Mpro-P0075,FC=1C=C(F)C=C(CC(=O)NC=2C=NC=C3C=CC=CC23)C1,,RAL-THA-2d450e86-16,Isoquinoline,
568,Mpro-P0224_0A,Mpro-P0224,CN1C=CC(CNCC2(CCOC=3C=CC(Cl)=CC32)C(=O)NC=4C=NC=C5C=CC=CC45)=N1,Cl.CN1C=CC(CNCC2(CCOC=3C=CC(Cl)=CC32)C(=O)NC=4C=NC=C5C=CC=CC45)=N1,EDJ-MED-8c98ee63-2,Isoquinoline,
569,Mpro-P0793_0A,Mpro-P0793,ClC=1C=CC=C(C1)[C@@H]2CCN(C2=O)C=3C=NC=C4C=CC=CC34,,EDG-MED-5d232de5-7,Isoquinoline,
570,Mpro-z5c5o_0B,Mpro-z5c5o,OC(S)[C@H](CC1CNCN1)NC[C@@H]1C[C@H]2CCCC[C@@H]2CN1C(O)CCNC1CCCCC1,,SARS-CoV-1,SARS-CoV-2 Mpro homologues,5C5O
571,Mpro-x0967_0A,Mpro-x0967,CC(=O)NC(Cc1ccc(cc1)O)C(=O)NCC#CBr,,AAR-POS-d2a4d1df-16,XChem Screen - active site,5RG1
572,Mpro-x10419_0A,Mpro-x10419,COC=1C=CC=CC1OCCN(C)C(=O)C2=CC(=O)NC=3C=CC=CC23,,BEN-DND-7e92b6ca-2,Quinolone,
573,Mpro-x0734_0A,Mpro-x0734,[O-][N+](=O)c1ccccc1N2CCN(CC2)C(=O)C,[O-][N+](=O)c1ccccc1N2CCN(CC2)C(=O)C,AAR-POS-d2a4d1df-28,Chloroacetamide,5REM
574,Mpro-x0425_0A,Mpro-x0425,C1CC2(CCN(C2)C=3C=NC=CN3)CO1,,AAR-POS-0daf6b7e-27,XChem screen - surface,5RGJ
575,Mpro-x11532_0A,Mpro-x11532,ClC=1C=CC=C(CC(=O)NC=2C=NNC2)C1,,MIC-UNK-66895286-1,Aminopyridine-like,
576,Mpro-x11764_0A,Mpro-x11764,CC=1C=CN=CC1NC(=O)CC=2C=C(Cl)C=C(NC3CCCC3O)C2,,MAT-POS-044491d2-1,Aminopyridine-like,
577,Mpro-x11616_0A,Mpro-x11616,FC(F)(F)C=1C=CC=C(C1)N2CCN(CC2)C(=O)C3=CC(=O)NC=4C=CC=CC34,CCC(=O)N(C(=O)C1COC2=C1C=C(Cl)C=C2)C1=C2C=CC=CC2=CN=C1,ERI-UCB-a0b0dbcb-4,Quinolone,
578,Mpro-x0678_0A,Mpro-x0678,O=C(CC1CCCCC1)NC=2C=CC=NC2,,ALE-HEI-f28a35b5-9,Aminopyridine-like,5R84
579,Mpro-x10942_0A,Mpro-x10942,OCC=1C=CN=CC1NC(=O)C2CCOC=3C=CC(Cl)=CC23,,LON-WEI-0a73fcb8-7,Aminopyridine-like,
580,Mpro-P0010_0A,Mpro-P0010,ClC=1C=CC=C(C1)C2CCN(C2=O)C=3C=NC=C4C=CC=CC34,,PET-UNK-c9c1e0d8-4,Isoquinoline,
581,Mpro-x0991_0A,Mpro-x0991,CCC(=N)N,CCC(=N)N,AAR-POS-d2a4d1df-17,XChem Screen - active site,5RF2
582,Mpro-P0039_0B,Mpro-P0039,NC[C@]1(CCOC=2C=CC(Cl)=CC21)C(=O)NC=3C=NC=C4C=CC=CC34,NC[C@]1(CCOC=2C=CC(Cl)=CC21)C(=O)NC=3C=NC=C4C=CC=CC34,EDG-MED-971238d3-5,Isoquinoline,
583,Mpro-P0243_0A,Mpro-P0243,CO[C@]1(CCOC=2C=C(Cl)C(Cl)=CC21)C(=O)NC=3C=NC=C4C=CC=CC34,,EDJ-MED-d08626de-3,Isoquinoline,
584,Mpro-x11801_0A,Mpro-x11801,CC(=O)NCC=1C=C(Cl)C=C(CC(=O)NC=2C=NC=CC2C)C1,,RAL-THA-6b94ceba-5,Aminopyridine-like,
585,Mpro-x1374_0A,Mpro-x1374,Cc1ccc(cc1)N(C2CS(=O)(=O)C=C2)C(=O)C,Cc1ccc(cc1)N(C2CS(=O)(=O)C=C2)C(=O)C,AAR-POS-0daf6b7e-7,Chloroacetamide,5RFM
586,Mpro-P0213_0A,Mpro-P0213,CCC(=O)N(C(=O)C1COC2=C1C=C(Cl)C=C2)C1=C2C=CC=CC2=CN=C1,CCC(=O)N(C(=O)C1COC2=C1C=C(Cl)C=C2)C1=C2C=CC=CC2=CN=C1,MAT-POS-e69ad64a-2,Isoquinoline,
587,Mpro-P0906_0B,Mpro-P0906,CC(C)(C)OC=1C=CN=CC1NC(=O)CC=2C=CC=C(Cl)C2,,JIN-POS-6dc588a4-6,Aminopyridine-like,
588,Mpro-P0074_0A,Mpro-P0074,O=C(CC=1C=CC=C(C#N)C1)NC=2C=NC=C3C=CC=CC23,,RAL-THA-2d450e86-12,Isoquinoline,
589,Mpro-x0708_0A,Mpro-x0708,CC(=O)NNC(=O)c1cc2CCCCc2s1,CC(=O)NNC(=O)c1cc2CCCCc2s1,AAR-POS-d2a4d1df-26,Chloroacetamide,5RGM
590,Mpro-x10329_0A,Mpro-x10329,CCC(C(=O)NC=1C=NN=CC1C)C=2C=CC=C(Cl)C2,,JAN-GHE-83b26c96-1,Aminopyridine-like,
591,Mpro-x12025_0A,Mpro-x12025,COC=1C=CC=CC1NC2CN(C2)C(=O)C3=CC(=O)NC=4C=CC=CC34,,ERI-UCB-a0b0dbcb-8,Quinolone,
592,Mpro-P0041_0A,Mpro-P0041,CCC(=O)N(C(=O)C1CCOC2=C1C=C(Cl)C=C2)C1=C2C=CC=CC2=CN=C1,CCC(=O)N(C(=O)C1CCOC2=C1C=C(Cl)C=C2)C1=C2C=CC=CC2=CN=C1,MAT-POS-090737b9-1,Isoquinoline,
593,Mpro-P0045_0A,Mpro-P0045,CC=1C=CN=CC1NC(=O)CC=2C=C(Cl)C=C(OC3CC(=O)N3)C2,,TRY-UNI-2eddb1ff-7,Aminopyridine-like,
594,Mpro-x12735_0A,Mpro-x12735,CCC(=O)N(C(=O)C1CCOC2=C1C=C(Cl)C=C2)C1=C2C=CC=CC2=CN=C1,,MAT-POS-090737b9-1,Isoquinoline,
595,Mpro-P0171_0A,Mpro-P0171,CN1CC[C@@H](C(=O)NC=2C=NC=C3C=CC=CC23)C=4C=C(Cl)C=CC14,,EDG-MED-5d232de5-6,Isoquinoline,
596,Mpro-x10789_0A,Mpro-x10789,CC=1C=CN=CC1NC(=O)CC=2C=C(Cl)C=C(OC3CC(=O)N3)C2,,TRY-UNI-2eddb1ff-7,Aminopyridine-like,
597,Mpro-x10488_0A,Mpro-x10488,O=C(CC=1C=CC=NC1)N2CCCC2C3=NOC(=N3)C4CC4,,JAG-UCB-cedd89ab-4,Aminopyridine-like,
598,Mpro-x10473_0A,Mpro-x10473,CC(CC1CC1)C(=O)NC=2C=NC=CC2C,,MAT-POS-590ac91e-5,Aminopyridine-like,
599,Mpro-P0041_0B,Mpro-P0041,CCC(=O)N(C(=O)C1CCOC2=C1C=C(Cl)C=C2)C1=C2C=CC=CC2=CN=C1,,MAT-POS-090737b9-1,Isoquinoline,
600,Mpro-P0130_0B,Mpro-P0130,FC=1C=C2OCCC(C(=O)NC=3C=NC=C4C=CC=CC34)C2=CC1Cl,,RAL-THA-05e671eb-10,Isoquinoline,
601,Mpro-x11427_0A,Mpro-x11427,CC=1C=CN=CC1NC(=O)CCC=2C=CC=C(F)C2,,BEN-DND-93268d01-5,Aminopyridine-like,
602,Mpro-x1002_0A,Mpro-x1002,OC=1C=CC=CN1,,AAR-POS-0daf6b7e-37,XChem Screen - xtal contact,5RF4
603,Mpro-P0126_0A,Mpro-P0126,ClC=1C=NC=C(CC(=O)NC=2C=NC=C3C=CC=CC23)C1,,RAL-THA-2d450e86-30,Isoquinoline,
604,Mpro-P0747_0A,Mpro-P0747,CN1CCC(C1)C(=O)NC(C)(C(=O)NC=2C=NC=C3C=CC=CC23)C=4C=CC(Cl)=C(Cl)C4,,MAT-POS-e9e99895-13,Isoquinoline,
605,Mpro-x0398_0A,Mpro-x0398,C(CN1CCOCC1)SC=2C=CC=CC2,,AAR-POS-0daf6b7e-28,XChem screen - surface,5RED
606,Mpro-P0816_0B,Mpro-P0816,ClC=1C=CC=C(C1)[C@H]2CCN(C2=O)C=3C=NC=C4C=CC=CC34,,EDG-MED-5d232de5-8,Isoquinoline,
607,Mpro-x11313_0A,Mpro-x11313,COC=1C=CC=CC1OCCNC(=O)C2=CC(=O)NC=3C=CC=C(C)C23,,EDJ-MED-6af13d92-1,Quinolone,
608,Mpro-P0800_0A,Mpro-P0800,ClC=1C=CC=2CCNC(C(=O)NC=3C=NC=C4C=CC=CC34)C2C1,,MAT-POS-fb82b63d-1,Isoquinoline,
609,Mpro-x11432_0A,Mpro-x11432,CN(CC=1C=CC=C(Cl)C1)C(=O)CN2N=NC=3C=CC=CC23,,EDJ-MED-06d94977-2,Benzotriazole,
610,Mpro-x3305_1A,Mpro-x3305,CN1C=C(CNC(=O)N(CCC=2C=CC=CC2)CC=3C=CC=NC3)N=N1,,BAR-COM-4e090d3a-47,Moonshot - active site,
611,Mpro-x11294_0A,Mpro-x11294,COC=1C=CC=CC1OCCNC(=O)C2=CC(=O)NC=3C=CC=C(OC)C23,,EDJ-MED-6af13d92-3,Quinolone,
612,Mpro-P0061_0A,Mpro-P0061,FC=1C=CC(F)=C(CC(=O)NC=2C=NC=C3C=CC=CC23)C1,,RAL-THA-2d450e86-26,Isoquinoline,
613,Mpro-x2563_0A,Mpro-x2563,O=C(CC=1C=NC=C2C=CC=CC12)NC=3C=CC=CC3,,DAR-DIA-23aa0b97-20,Isoquinoline,5RGV
614,Mpro-x11013_0A,Mpro-x11013,CC=1C=NN=CC1NC(=O)CC=2C=CC=C(Cl)C2,,EDG-MED-0da5ad92-16,Aminopyridine-like,
615,Mpro-P0122_0A,Mpro-P0122,ClC=1C=CC=2N(CC3=NC=CN3)CCC(C(=O)NC=4C=NC=C5C=CC=CC45)C2C1,,RAL-THA-8416115c-5,Isoquinoline,
616,Mpro-x2964_0A,Mpro-x2964,NC=1C=NC=C(NC(=O)NC=2C=CC=C(Cl)C2)C1,,DAR-DIA-23aa0b97-13,Aminopyridine-like,
617,Mpro-z7l11_0B,Mpro-z7l11,CCCOC1CC(Cl)CC(C2C[C@@H](C3CCCCC3CN)CN(C3CCCNC3)C2O)C1,,Cmpd5,PDB,7L11
618,Mpro-P0069_0B,Mpro-P0069,FC=1C=CC(CC(=O)NC=2C=NC=C3C=CC=CC23)=CC1,,RAL-THA-2d450e86-7,Isoquinoline,
619,Mpro-z7l14_0A,Mpro-z7l14,NCC1CCCCC1[C@@H]1CC(C2CC(Cl)CC(OCC3CC3)C2)C(O)N(C2CCCNC2)C1,,Cmpd26,PDB,7L14
620,Mpro-P0129_0B,Mpro-P0129,CNC(C(=O)NC=1C=NC=C2C=CC=CC12)C=3C=CC(Cl)=C(Cl)C3,,MAT-POS-fce787c2-5,Isoquinoline,
621,Mpro-x0165_0A,Mpro-x0165,CN1CCN(CC1)C(=O)NC=2C=CC=CC2,,AAR-POS-0daf6b7e-44,XChem Screen - xtal contact,5RGG
622,Mpro-x11813_0A,Mpro-x11813,COC=1C=CC=CC1OCCNC(=O)C=2C=NC=C3C=CC=CC23,,MAR-UCB-f313ec4d-2,Isoquinoline,
623,Mpro-x10172_0A,Mpro-x10172,CC(c1cc(Cl)cc(F)c1)NC(C)=O,CC(c1cc(Cl)cc(F)c1)NC(C)=O,DAV-CRI-3edb475e-6,Chloroacetamide,
625,Mpro-P0811_0A,Mpro-P0811,ClC=1C=CC=2OCCC3(CCCN(C3=O)C=4C=NC=C5C=CC=CC45)C2C1,,ALP-POS-477dc5b7-5,Spirocycle,
626,Mpro-P0008_0A,Mpro-P0008,ClC=1C=C(OCCNC(=O)C2=CC(=O)NC=3C=CC=CC23)C=C(OC4CC(=O)N4)C1,,ERI-UCB-ce40166b-17,Quinolone,
627,Mpro-x10679_0A,Mpro-x10679,CC=1C=CN=CC1NC(=O)CN2C=CC=3C=CC(Cl)=CC23,,BAR-COM-0f94fc3d-41,Aminopyridine-like,
628,Mpro-x11609_0A,Mpro-x11609,COC=1C=CC(Cl)=CC1CC(=O)NC=2C=NC=C3C=CC=CC23,,MAT-POS-3b92565d-1,Isoquinoline,
629,Mpro-P1073_0A,Mpro-P1073,ClC=1C=CC=2OCCC(CNC(=O)C=C)(C(=O)NC=3C=NC=C4C=CC=CC34)C2C1,,MAT-POS-e6dd326d-8,Aminopyridine-like,
630,Mpro-x12686_0A,Mpro-x12686,ClC=1C=CC=2OCCC3(NC(=O)N(C3=O)C=4C=NC=C5C=CC=CC45)C2C1,,VLA-UCB-29506327-1,Spirocycle,
631,Mpro-z7l13_0A,Mpro-z7l13,OC1NCC([C@@H]2CC(C3CC(Cl)CC(OCC4CCCCC4Cl)C3)C(O)N(C3CCCNC3)C2)C(O)N1,,Cmpd21,PDB,7L13
632,Mpro-x12202_0A,Mpro-x12202,NC=1C=NC=C2N(CCCC12)C(=O)CC=3C=CC=C(Cl)C3,,ALP-POS-cd485364-2,Isoquinoline,
633,Mpro-P2017_0B,Mpro-P2017,ClC=1C=CC=2CN(CC(C(=O)NC=3C=NC=C4C=CC=CC34)C2C1)S(=O)(=O)CC5(CCC5)C#N,,MAT-POS-4223bc15-12,Isoquinoline,
634,Mpro-x10403_0A,Mpro-x10403,O=C(NCCNC=1C=CC=CC1)C2=CC(=O)NC=3C=CC=CC23,,BEN-DND-7e92b6ca-4,Quinolone,
635,Mpro-P0872_0A,Mpro-P0872,FC=1C=CC=2C=NC=C(NC(=O)C3CCNC=4C=C(Cl)C(Cl)=CC34)C2C1,,ALP-UNI-8d415491-6,Isoquinoline,
636,Mpro-x10756_0A,Mpro-x10756,CC=1C=CN=CC1NC(=O)CC=2C=CC=C(OC3CC(=O)N3)C2,,BRU-LEF-c49414a7-1,Aminopyridine-like,
637,Mpro-x0689_0A,Mpro-x0689,CC(=O)N1CCN(CC1)S(=O)(=O)c2cccs2,CC(=O)N1CCN(CC1)S(=O)(=O)c2cccs2,LON-WEI-8f408cad-3,Chloroacetamide,5REJ
638,Mpro-x1418_0A,Mpro-x1418,CC(=O)N1CCN(Cc2cccs2)CC1,CC(=O)N1CCN(Cc2cccs2)CC1,LON-WEI-8f408cad-5,Chloroacetamide,5RFW
639,Mpro-x2572_0A,Mpro-x2572,CC=1C=CN=CC1NC(=O)CC=2C=CC=C(C#N)C2,,TRY-UNI-714a760b-20,Aminopyridine-like,5RGX
640,Mpro-x11579_0A,Mpro-x11579,CSC1=C(C#N)C2(CCCCC2)C(=C(NC(=O)CCl)N1)C#N,CSC1=C(C#N)C2(CCCCC2)C(C#N)=C(NC(C)=O)N1,TAT-ENA-80bfd3e5-7,Chloroacetamide,
641,Mpro-x0769_0A,Mpro-x0769,Fc1ccccc1S(=O)(=O)N2CCN(CC2)C(=O)C,Fc1ccccc1S(=O)(=O)N2CCN(CC2)C(=O)C,AAR-POS-d2a4d1df-34,Chloroacetamide,5RES
642,Mpro-P0845_0B,Mpro-P0845,CNC(=O)COCC1(CCOC=2C=CC(Cl)=CC21)C(=O)NC=3C=NC=C4C=CC=CC34,,ALP-POS-9c80c481-1,Isoquinoline,
645,Mpro-P1982_0A,Mpro-P1982,COC(=O)CN(C)S(=O)(=O)N1CC(C(=O)NC=2C=NC=C3C=CC=CC23)C=4C=C(Cl)C=CC4C1,,MAT-POS-af1eef35-2,Isoquinoline,
647,Mpro-P1983_0B,Mpro-P1983,CC1(CS(=O)(=O)N2CC(C(=O)NC=3C=NC=C4C=CC=CC34)C=5C=C(Cl)C=CC5C2)CS(=O)(=O)C1,,EDJ-MED-4fff0a85-3,Isoquinoline,
648,Mpro-P1986_0B,Mpro-P1986,COC1(CS(=O)(=O)N2CC(C(=O)NC=3C=NC=C4C=CC=CC34)C=5C=C(Cl)C=CC5C2)CC1,,EDJ-MED-76744c27-4,Isoquinoline,
649,Mpro-P0831_0B,Mpro-P0831,FC=1C=CC=2C=NC=C(NC(=O)C3CCOC=4C=C(F)C(Cl)=CC34)C2C1,,MAT-POS-96f51285-5,Isoquinoline,
652,Mpro-P1982_0B,Mpro-P1982,COC(=O)CN(C)S(=O)(=O)N1CC(C(=O)NC=2C=NC=C3C=CC=CC23)C=4C=C(Cl)C=CC4C1,,MAT-POS-af1eef35-2,Isoquinoline,
654,Mpro-P1986_0A,Mpro-P1986,COC1(CS(=O)(=O)N2CC(C(=O)NC=3C=NC=C4C=CC=CC34)C=5C=C(Cl)C=CC5C2)CC1,,EDJ-MED-76744c27-4,Isoquinoline,
656,Mpro-P1879_0A,Mpro-P1879,ClC=1C=CC=2CN(CC(=O)NCC#N)CC(C(=O)NC=3C=NC=C4C=CC=CC34)C2C1,,MAT-POS-5cd9ea36-15,Isoquinoline,
658,Mpro-P1983_0A,Mpro-P1983,CC1(CS(=O)(=O)N2CC(C(=O)NC=3C=NC=C4C=CC=CC34)C=5C=C(Cl)C=CC5C2)CS(=O)(=O)C1,,EDJ-MED-4fff0a85-3,Isoquinoline,
659,Mpro-P0831_0A,Mpro-P0831,FC=1C=CC=2C=NC=C(NC(=O)C3CCOC=4C=C(F)C(Cl)=CC34)C2C1,,MAT-POS-96f51285-5,Isoquinoline,
662,Mpro-P1889_0A,Mpro-P1889,ClC=1C=CC=2CN(CC(=O)NC3CC3)CC(C(=O)NC=4C=NC=C5C=CC=CC45)C2C1,,MAT-POS-5cd9ea36-13,Isoquinoline,
681,Mpro-P1988_0B,Mpro-P1988,ClC=1C=CC=2CN(CC(C(=O)NC=3C=NC=C4C=CC=CC34)C2C1)S(=O)(=O)CC5CCOCC5,,EDJ-MED-4fff0a85-1,Isoquinoline,
685,Mpro-P1988_0A,Mpro-P1988,ClC=1C=CC=2CN(CC(C(=O)NC=3C=NC=C4C=CC=CC34)C2C1)S(=O)(=O)CC5CCOCC5,,EDJ-MED-4fff0a85-1,Isoquinoline,
690,Mpro-P2113_0B,Mpro-P2113,CNC(=O)CN1CC=2C=CC(Cl)=CC2C3(CC(=O)N(C3=O)C=4C=NC=C5C=CC=CC45)C1,,MAT-POS-1bed62cf-3,Spirocycle,
691,Mpro-P2113_0A,Mpro-P2113,CNC(=O)CN1CC=2C=CC(Cl)=CC2C3(CC(=O)N(C3=O)C=4C=NC=C5C=CC=CC45)C1,,MAT-POS-1bed62cf-3,Spirocycle,
692,Mpro-P0950_0B,Mpro-P0950,ClC=1C=CC=2NCCC3(CCCN(C3=O)C=4C=NC=C5C=CC=CC45)C2C1,,ALP-POS-e0fe77e5-13,Spirocycle,
693,Mpro-P0143_0B,Mpro-P0143,ClC=1C=CC=2OCC[C@]3(NC(=O)N(C3=O)C=4C=NC=C5C=CC=CC45)C2C1,,VLA-UCB-34f3ed0c-11,Spirocycle,
694,Mpro-P0143_0A,Mpro-P0143,ClC=1C=CC=2OCC[C@]3(NC(=O)N(C3=O)C=4C=NC=C5C=CC=CC45)C2C1,,VLA-UCB-34f3ed0c-11,Spirocycle,
695,Mpro-P0950_0A,Mpro-P0950,ClC=1C=CC=2NCCC3(CCCN(C3=O)C=4C=NC=C5C=CC=CC45)C2C1,,ALP-POS-e0fe77e5-13,Spirocycle,
696,Mpro-P2222_0A,Mpro-P2222,CNC(=O)CN1CC=2C=CC(Cl)=CC2C3(CCN(C3=O)C=4C=NC=C5C=CC=CC45)C1,,EDJ-MED-8bb691af-4,Spirocycle,
697,Mpro-P2222_0B,Mpro-P2222,CNC(=O)CN1CC=2C=CC(Cl)=CC2C3(CCN(C3=O)C=4C=NC=C5C=CC=CC45)C1,,EDJ-MED-8bb691af-4,Spirocycle,
